pasajero,pclass,survived,sex,age,sibsp,parch,ticket,fare,cabin,embarked,boat,body,has_cabin_number
1,1,1,female,29,0,0,24160,211.3375,B5,S,2,NA,1
2,1,1,male,0.9167,1,2,113781,151.55,C22 C26,S,11,NA,1
3,1,0,female,2,1,2,113781,151.55,C22 C26,S,NA,NA,1
4,1,0,male,30,1,2,113781,151.55,C22 C26,S,NA,135,1
5,1,0,female,25,1,2,113781,151.55,C22 C26,S,NA,NA,1
6,1,1,male,48,0,0,19952,26.55,E12,S,3,NA,1
7,1,1,female,63,1,0,13502,77.9583,D7,S,10,NA,1
8,1,0,male,39,0,0,112050,0,A36,S,NA,NA,1
9,1,1,female,53,2,0,11769,51.4792,C101,S,D,NA,1
10,1,0,male,71,0,0,PC 17609,49.5042,,C,NA,22,0
11,1,0,male,47,1,0,PC 17757,227.525,C62 C64,C,NA,124,1
12,1,1,female,18,1,0,PC 17757,227.525,C62 C64,C,4,NA,1
13,1,1,female,24,0,0,PC 17477,69.3,B35,C,9,NA,1
14,1,1,female,26,0,0,19877,78.85,,S,6,NA,0
15,1,1,male,80,0,0,27042,30,A23,S,B,NA,1
16,1,0,male,29.88113451,0,0,PC 17318,25.925,,S,NA,NA,0
17,1,0,male,24,0,1,PC 17558,247.5208,B58 B60,C,NA,NA,1
18,1,1,female,50,0,1,PC 17558,247.5208,B58 B60,C,6,NA,1
19,1,1,female,32,0,0,11813,76.2917,D15,C,8,NA,1
20,1,0,male,36,0,0,13050,75.2417,C6,C,A,NA,1
21,1,1,male,37,1,1,11751,52.5542,D35,S,5,NA,1
22,1,1,female,47,1,1,11751,52.5542,D35,S,5,NA,1
23,1,1,male,26,0,0,111369,30,C148,C,5,NA,1
24,1,1,female,42,0,0,PC 17757,227.525,,C,4,NA,0
25,1,1,female,29,0,0,PC 17483,221.7792,C97,S,8,NA,1
26,1,0,male,25,0,0,13905,26,,C,NA,148,0
27,1,1,male,25,1,0,11967,91.0792,B49,C,7,NA,1
28,1,1,female,19,1,0,11967,91.0792,B49,C,7,NA,1
29,1,1,female,35,0,0,PC 17760,135.6333,C99,S,8,NA,1
30,1,1,male,28,0,0,110564,26.55,C52,S,D,NA,1
31,1,0,male,45,0,0,113784,35.5,T,S,NA,NA,1
32,1,1,male,40,0,0,112277,31,A31,C,7,NA,1
33,1,1,female,30,0,0,36928,164.8667,C7,S,8,NA,1
34,1,1,female,58,0,0,113783,26.55,C103,S,8,NA,1
35,1,0,male,42,0,0,110489,26.55,D22,S,NA,NA,1
36,1,1,female,45,0,0,PC 17608,262.375,,C,4,NA,0
37,1,1,female,22,0,1,113505,55,E33,S,6,NA,1
38,1,1,male,29.88113451,0,0,111427,26.55,,S,9,NA,0
39,1,0,male,41,0,0,113054,30.5,A21,S,NA,NA,1
40,1,0,male,48,0,0,PC 17591,50.4958,B10,C,NA,208,1
41,1,0,male,29.88113451,0,0,112379,39.6,,C,NA,NA,0
42,1,1,female,44,0,0,PC 17610,27.7208,B4,C,6,NA,1
43,1,1,female,59,2,0,11769,51.4792,C101,S,D,NA,1
44,1,1,female,60,0,0,11813,76.2917,D15,C,8,NA,1
45,1,1,female,41,0,0,16966,134.5,E40,C,3,NA,1
46,1,0,male,45,0,0,113050,26.55,B38,S,NA,NA,1
47,1,0,male,29.88113451,0,0,113798,31,,S,NA,NA,0
48,1,1,male,42,0,0,PC 17476,26.2875,E24,S,5,NA,1
49,1,1,female,53,0,0,PC 17606,27.4458,,C,6,NA,0
50,1,1,male,36,0,1,PC 17755,512.3292,B51 B53 B55,C,3,NA,1
51,1,1,female,58,0,1,PC 17755,512.3292,B51 B53 B55,C,3,NA,1
52,1,0,male,33,0,0,695,5,B51 B53 B55,S,NA,NA,1
53,1,0,male,28,0,0,113059,47.1,,S,NA,NA,0
54,1,0,male,17,0,0,113059,47.1,,S,NA,NA,0
55,1,1,male,11,1,2,113760,120,B96 B98,S,4,NA,1
56,1,1,female,14,1,2,113760,120,B96 B98,S,4,NA,1
57,1,1,male,36,1,2,113760,120,B96 B98,S,C,NA,1
58,1,1,female,36,1,2,113760,120,B96 B98,S,4,NA,1
59,1,0,male,49,0,0,19924,26,,S,NA,NA,0
60,1,1,female,29.88113451,0,0,17770,27.7208,,C,5,NA,0
61,1,0,male,36,1,0,19877,78.85,C46,S,NA,172,1
62,1,1,female,76,1,0,19877,78.85,C46,S,6,NA,1
63,1,0,male,46,1,0,W.E.P. 5734,61.175,E31,S,NA,NA,1
64,1,1,female,47,1,0,W.E.P. 5734,61.175,E31,S,4,NA,1
65,1,1,male,27,1,0,113806,53.1,E8,S,5,NA,1
66,1,1,female,33,1,0,113806,53.1,E8,S,5,NA,1
67,1,1,female,36,0,0,PC 17608,262.375,B61,C,4,NA,1
68,1,1,female,30,0,0,110152,86.5,B77,S,8,NA,1
69,1,1,male,45,0,0,PC 17594,29.7,A9,C,7,NA,1
70,1,1,female,29.88113451,0,1,113505,55,E33,S,6,NA,1
71,1,0,male,29.88113451,0,0,112051,0,,S,NA,NA,0
72,1,0,male,27,1,0,13508,136.7792,C89,C,NA,NA,1
73,1,1,female,26,1,0,13508,136.7792,C89,C,4,NA,1
74,1,1,female,22,0,0,113781,151.55,,S,11,NA,0
75,1,0,male,29.88113451,0,0,110465,52,A14,S,NA,NA,1
76,1,0,male,47,0,0,5727,25.5875,E58,S,NA,NA,1
77,1,1,female,39,1,1,PC 17756,83.1583,E49,C,14,NA,1
78,1,0,male,37,1,1,PC 17756,83.1583,E52,C,NA,NA,1
79,1,1,female,64,0,2,PC 17756,83.1583,E45,C,14,NA,1
80,1,1,female,55,2,0,11770,25.7,C101,S,2,NA,1
81,1,0,male,29.88113451,0,0,113791,26.55,,S,NA,NA,0
82,1,0,male,70,1,1,WE/P 5735,71,B22,S,NA,269,1
83,1,1,female,36,0,2,WE/P 5735,71,B22,S,7,NA,1
84,1,1,female,64,1,1,112901,26.55,B26,S,7,NA,1
85,1,0,male,39,1,0,PC 17599,71.2833,C85,C,NA,NA,1
86,1,1,female,38,1,0,PC 17599,71.2833,C85,C,4,NA,1
87,1,1,male,51,0,0,113055,26.55,E17,S,5 9,NA,1
88,1,1,male,27,0,0,113804,30.5,,S,3,NA,0
89,1,1,female,33,0,0,113781,151.55,,S,8,NA,0
90,1,0,male,31,1,0,F.C. 12750,52,B71,S,NA,NA,1
91,1,1,female,27,1,2,F.C. 12750,52,B71,S,3,NA,1
92,1,1,male,31,1,0,17474,57,B20,S,3,NA,1
93,1,1,female,17,1,0,17474,57,B20,S,3,NA,1
94,1,1,male,53,1,1,33638,81.8583,A34,S,13,NA,1
95,1,1,male,4,0,2,33638,81.8583,A34,S,5,NA,1
96,1,1,female,54,1,1,33638,81.8583,A34,S,5,NA,1
97,1,0,male,50,1,0,PC 17761,106.425,C86,C,NA,62,1
98,1,1,female,27,1,1,PC 17558,247.5208,B58 B60,C,6,NA,1
99,1,1,female,48,1,0,PC 17761,106.425,C86,C,2,NA,1
100,1,1,female,48,1,0,11755,39.6,A16,C,1,NA,1
101,1,1,male,49,1,0,PC 17485,56.9292,A20,C,1,NA,1
102,1,0,male,39,0,0,PC 17580,29.7,A18,C,NA,133,1
103,1,1,female,23,0,1,11767,83.1583,C54,C,7,NA,1
104,1,1,female,38,0,0,PC 17757,227.525,C45,C,4,NA,1
105,1,1,female,54,1,0,36947,78.2667,D20,C,4,NA,1
106,1,0,female,36,0,0,PC 17531,31.6792,A29,C,NA,NA,1
107,1,0,male,29.88113451,0,0,PC 17483,221.7792,C95,S,NA,NA,1
108,1,1,female,29.88113451,0,0,PC 17598,31.6833,,S,7,NA,0
109,1,1,female,29.88113451,0,0,17421,110.8833,,C,4,NA,0
110,1,1,male,36,0,0,PC 17474,26.3875,E25,S,5,NA,1
111,1,0,male,30,0,0,113051,27.75,C111,C,NA,NA,1
112,1,1,female,24,3,2,19950,263,C23 C25 C27,S,10,NA,1
113,1,1,female,28,3,2,19950,263,C23 C25 C27,S,10,NA,1
114,1,1,female,23,3,2,19950,263,C23 C25 C27,S,10,NA,1
115,1,0,male,19,3,2,19950,263,C23 C25 C27,S,NA,NA,1
116,1,0,male,64,1,4,19950,263,C23 C25 C27,S,NA,NA,1
117,1,1,female,60,1,4,19950,263,C23 C25 C27,S,10,NA,1
118,1,1,female,30,0,0,PC 17485,56.9292,E36,C,1,NA,1
119,1,0,male,29.88113451,0,0,113778,26.55,D34,S,NA,NA,1
120,1,1,male,50,2,0,PC 17611,133.65,,S,5,NA,0
121,1,1,male,43,1,0,17765,27.7208,D40,C,5,NA,1
122,1,1,female,29.88113451,1,0,PC 17611,133.65,,S,5,NA,0
123,1,1,female,22,0,2,13568,49.5,B39,C,5,NA,1
124,1,1,male,60,1,1,13567,79.2,B41,C,5,NA,1
125,1,1,female,48,1,1,13567,79.2,B41,C,5,NA,1
126,1,0,male,29.88113451,0,0,112058,0,B102,S,NA,NA,1
127,1,0,male,37,1,0,113803,53.1,C123,S,NA,NA,1
128,1,1,female,35,1,0,113803,53.1,C123,S,D,NA,1
129,1,0,male,47,0,0,111320,38.5,E63,S,NA,275,1
130,1,1,female,35,0,0,113503,211.5,C130,C,4,NA,1
131,1,1,female,22,0,1,112378,59.4,,C,7,NA,0
132,1,1,female,45,0,1,112378,59.4,,C,7,NA,0
133,1,0,male,24,0,0,PC 17593,79.2,B86,C,NA,NA,1
134,1,1,male,49,1,0,17453,89.1042,C92,C,5,NA,1
135,1,1,female,29.88113451,1,0,17453,89.1042,C92,C,5,NA,1
136,1,0,male,71,0,0,PC 17754,34.6542,A5,C,NA,NA,1
137,1,1,male,53,0,0,113780,28.5,C51,C,B,NA,1
138,1,1,female,19,0,0,112053,30,B42,S,3,NA,1
139,1,0,male,38,0,1,PC 17582,153.4625,C91,S,NA,147,1
140,1,1,female,58,0,1,PC 17582,153.4625,C125,S,3,NA,1
141,1,1,male,23,0,1,PC 17759,63.3583,D10 D12,C,7,NA,1
142,1,1,female,45,0,1,PC 17759,63.3583,D10 D12,C,7,NA,1
143,1,0,male,46,0,0,PC 17593,79.2,B82 B84,C,NA,NA,1
144,1,1,male,25,1,0,11765,55.4417,E50,C,5,NA,1
145,1,1,female,25,1,0,11765,55.4417,E50,C,5,NA,1
146,1,1,male,48,1,0,PC 17572,76.7292,D33,C,3,NA,1
147,1,1,female,49,1,0,PC 17572,76.7292,D33,C,3,NA,1
148,1,0,male,29.88113451,0,0,113796,42.4,,S,NA,NA,0
149,1,0,male,45,1,0,36973,83.475,C83,S,NA,NA,1
150,1,1,female,35,1,0,36973,83.475,C83,S,D,NA,1
151,1,0,male,40,0,0,112059,0,B94,S,NA,110,1
152,1,1,male,27,0,0,PC 17572,76.7292,D49,C,3,NA,1
153,1,1,male,29.88113451,0,0,16988,30,D45,S,3,NA,1
154,1,1,female,24,0,0,11767,83.1583,C54,C,7,NA,1
155,1,0,male,55,1,1,12749,93.5,B69,S,NA,307,1
156,1,1,female,52,1,1,12749,93.5,B69,S,3,NA,1
157,1,0,male,42,0,0,113038,42.5,B11,S,NA,NA,1
158,1,0,male,29.88113451,0,0,17463,51.8625,E46,S,NA,NA,1
159,1,0,male,55,0,0,680,50,C39,S,NA,NA,1
160,1,1,female,16,0,1,111361,57.9792,B18,C,4,NA,1
161,1,1,female,44,0,1,111361,57.9792,B18,C,4,NA,1
162,1,1,female,51,1,0,13502,77.9583,D11,S,10,NA,1
163,1,0,male,42,1,0,113789,52,,S,NA,38,0
164,1,1,female,35,1,0,113789,52,,S,8,NA,0
165,1,1,male,35,0,0,111426,26.55,,C,15,NA,0
166,1,1,male,38,1,0,19943,90,C93,S,D,NA,1
167,1,0,male,29.88113451,0,0,PC 17600,30.6958,,C,14,NA,0
168,1,1,female,35,1,0,19943,90,C93,S,D,NA,1
169,1,1,female,38,0,0,113572,80,B28,S,6,NA,1
170,1,0,female,50,0,0,PC 17595,28.7125,C49,C,NA,NA,1
171,1,1,male,49,0,0,112058,0,B52 B54 B56,S,C,NA,1
172,1,0,male,46,0,0,694,26,,S,NA,80,0
173,1,0,male,50,0,0,113044,26,E60,S,NA,NA,1
174,1,0,male,32.5,0,0,113503,211.5,C132,C,NA,45,1
175,1,0,male,58,0,0,11771,29.7,B37,C,NA,258,1
176,1,0,male,41,1,0,17464,51.8625,D21,S,NA,NA,1
177,1,1,female,29.88113451,1,0,17464,51.8625,D21,S,8,NA,1
178,1,1,male,42,1,0,11753,52.5542,D19,S,5,NA,1
179,1,1,female,45,1,0,11753,52.5542,D19,S,5,NA,1
180,1,0,male,29.88113451,0,0,113028,26.55,C124,S,NA,NA,1
181,1,1,female,39,0,0,24160,211.3375,,S,2,NA,0
182,1,1,female,49,0,0,17465,25.9292,D17,S,8,NA,1
183,1,1,female,30,0,0,PC 17761,106.425,,C,2,NA,0
184,1,1,male,35,0,0,PC 17755,512.3292,B101,C,3,NA,1
185,1,0,male,29.88113451,0,0,PC 17612,27.7208,,C,NA,NA,0
186,1,0,male,42,0,0,17475,26.55,,S,NA,NA,0
187,1,1,female,55,0,0,112377,27.7208,,C,6,NA,0
188,1,1,female,16,0,1,PC 17592,39.4,D28,S,9,NA,1
189,1,1,female,51,0,1,PC 17592,39.4,D28,S,9,NA,1
190,1,0,male,29,0,0,113501,30,D6,S,NA,126,1
191,1,1,female,21,0,0,13502,77.9583,D9,S,10,NA,1
192,1,0,male,30,0,0,113801,45.5,,S,NA,NA,0
193,1,1,female,58,0,0,PC 17569,146.5208,B80,C,NA,NA,1
194,1,1,female,15,0,1,24160,211.3375,B5,S,2,NA,1
195,1,0,male,30,0,0,110469,26,C106,S,NA,NA,1
196,1,1,female,16,0,0,110152,86.5,B79,S,8,NA,1
197,1,1,male,29.88113451,0,0,11774,29.7,C47,C,7,NA,1
198,1,0,male,19,1,0,113773,53.1,D30,S,NA,NA,1
199,1,1,female,18,1,0,113773,53.1,D30,S,10,NA,1
200,1,1,female,24,0,0,PC 17482,49.5042,C90,C,6,NA,1
201,1,0,male,46,0,0,13050,75.2417,C6,C,NA,292,1
202,1,0,male,54,0,0,17463,51.8625,E46,S,NA,175,1
203,1,1,male,36,0,0,PC 17473,26.2875,E25,S,7,NA,1
204,1,0,male,28,1,0,PC 17604,82.1708,,C,NA,NA,0
205,1,1,female,29.88113451,1,0,PC 17604,82.1708,,C,6,NA,0
206,1,0,male,65,0,0,13509,26.55,E38,S,NA,249,1
207,1,0,male,44,2,0,19928,90,C78,Q,NA,230,1
208,1,1,female,33,1,0,19928,90,C78,Q,14,NA,1
209,1,1,female,37,1,0,19928,90,C78,Q,14,NA,1
210,1,1,male,30,1,0,13236,57.75,C78,C,11,NA,1
211,1,0,male,55,0,0,113787,30.5,C30,S,NA,NA,1
212,1,0,male,47,0,0,113796,42.4,,S,NA,NA,0
213,1,0,male,37,0,1,PC 17596,29.7,C118,C,NA,NA,1
214,1,1,female,31,1,0,35273,113.275,D36,C,6,NA,1
215,1,1,female,23,1,0,35273,113.275,D36,C,6,NA,1
216,1,0,male,58,0,2,35273,113.275,D48,C,NA,122,1
217,1,1,female,19,0,2,11752,26.2833,D47,S,5,NA,1
218,1,0,male,64,0,0,693,26,,S,NA,263,0
219,1,1,female,39,0,0,PC 17758,108.9,C105,C,8,NA,1
220,1,1,male,29.88113451,0,0,F.C. 12998,25.7417,,C,7,NA,0
221,1,1,female,22,0,1,113509,61.9792,B36,C,5,NA,1
222,1,0,male,65,0,1,113509,61.9792,B30,C,NA,234,1
223,1,0,male,28.5,0,0,PC 17562,27.7208,D43,C,NA,189,1
224,1,0,male,29.88113451,0,0,112052,0,,S,NA,NA,0
225,1,0,male,45.5,0,0,113043,28.5,C124,S,NA,166,1
226,1,0,male,23,0,0,12749,93.5,B24,S,NA,NA,1
227,1,0,male,29,1,0,113776,66.6,C2,S,NA,NA,1
228,1,1,female,22,1,0,113776,66.6,C2,S,8,NA,1
229,1,0,male,18,1,0,PC 17758,108.9,C65,C,NA,NA,1
230,1,1,female,17,1,0,PC 17758,108.9,C65,C,8,NA,1
231,1,1,female,30,0,0,12749,93.5,B73,S,3,NA,1
232,1,1,male,52,0,0,113786,30.5,C104,S,6,NA,1
233,1,0,male,47,0,0,110465,52,C110,S,NA,207,1
234,1,1,female,56,0,1,11767,83.1583,C50,C,7,NA,1
235,1,0,male,38,0,0,19972,0,,S,NA,NA,0
236,1,1,male,29.88113451,0,0,PC 17607,39.6,,S,A,NA,0
237,1,0,male,22,0,0,PC 17760,135.6333,,C,NA,232,0
238,1,0,male,29.88113451,0,0,PC 17757,227.525,,C,NA,NA,0
239,1,1,female,43,0,1,24160,211.3375,B3,S,2,NA,1
240,1,0,male,31,0,0,PC 17590,50.4958,A24,S,NA,NA,1
241,1,1,male,45,0,0,111428,26.55,,S,9,NA,0
242,1,0,male,29.88113451,0,0,113767,50,A32,S,NA,NA,1
243,1,1,female,33,0,0,PC 17613,27.7208,A11,C,11,NA,1
244,1,0,male,46,0,0,PC 17585,79.2,,C,NA,16,0
245,1,0,male,36,0,0,13049,40.125,A10,C,NA,NA,1
246,1,1,female,33,0,0,110152,86.5,B77,S,8,NA,1
247,1,0,male,55,1,0,PC 17603,59.4,,C,NA,NA,0
248,1,1,female,54,1,0,PC 17603,59.4,,C,6,NA,0
249,1,0,male,33,0,0,113790,26.55,,S,NA,109,0
250,1,1,male,13,2,2,PC 17608,262.375,B57 B59 B63 B66,C,4,NA,1
251,1,1,female,18,2,2,PC 17608,262.375,B57 B59 B63 B66,C,4,NA,1
252,1,1,female,21,2,2,PC 17608,262.375,B57 B59 B63 B66,C,4,NA,1
253,1,0,male,61,1,3,PC 17608,262.375,B57 B59 B63 B66,C,NA,NA,1
254,1,1,female,48,1,3,PC 17608,262.375,B57 B59 B63 B66,C,4,NA,1
255,1,1,male,29.88113451,0,0,19988,30.5,C106,S,3,NA,1
256,1,1,female,24,0,0,PC 17477,69.3,B35,C,9,NA,1
257,1,1,male,29.88113451,0,0,111163,26,,S,1,NA,0
258,1,1,female,35,1,0,13236,57.75,C28,C,11,NA,1
259,1,1,female,30,0,0,113798,31,,C,4,NA,0
260,1,1,male,34,0,0,113794,26.55,,S,7,NA,0
261,1,1,female,40,0,0,PC 17582,153.4625,C125,S,3,NA,1
262,1,1,male,35,0,0,PC 17475,26.2875,E24,S,5,NA,1
263,1,0,male,50,1,0,13507,55.9,E44,S,NA,NA,1
264,1,1,female,39,1,0,13507,55.9,E44,S,11,NA,1
265,1,1,male,56,0,0,13213,35.5,A26,C,3,NA,1
266,1,1,male,28,0,0,113788,35.5,A6,S,7,NA,1
267,1,0,male,56,0,0,113792,26.55,,S,NA,NA,0
268,1,0,male,56,0,0,17764,30.6958,A7,C,NA,NA,1
269,1,0,male,24,1,0,13695,60,C31,S,NA,NA,1
270,1,0,male,29.88113451,0,0,113056,26,A19,S,NA,NA,1
271,1,1,female,18,1,0,13695,60,C31,S,6,NA,1
272,1,1,male,24,1,0,21228,82.2667,B45,S,7,NA,1
273,1,1,female,23,1,0,21228,82.2667,B45,S,7,NA,1
274,1,1,male,6,0,2,16966,134.5,E34,C,3,NA,1
275,1,1,male,45,1,1,16966,134.5,E34,C,3,NA,1
276,1,1,female,40,1,1,16966,134.5,E34,C,3,NA,1
277,1,0,male,57,1,0,PC 17569,146.5208,B78,C,NA,NA,1
278,1,1,female,29.88113451,1,0,PC 17569,146.5208,B78,C,6,NA,1
279,1,1,male,32,0,0,13214,30.5,B50,C,3,NA,1
280,1,0,male,62,0,0,113514,26.55,C87,S,NA,NA,1
281,1,1,male,54,1,0,11778,55.4417,C116,C,1,NA,1
282,1,1,female,43,1,0,11778,55.4417,C116,C,5,NA,1
283,1,1,female,52,1,0,36947,78.2667,D20,C,4,NA,1
284,1,0,male,29.88113451,0,0,PC 17605,27.7208,,C,NA,NA,0
285,1,1,female,62,0,0,113572,80,B28,S,6,NA,1
286,1,0,male,67,1,0,PC 17483,221.7792,C55 C57,S,NA,96,1
287,1,0,female,63,1,0,PC 17483,221.7792,C55 C57,S,NA,NA,1
288,1,0,male,61,0,0,36963,32.3208,D50,S,NA,46,1
289,1,1,female,48,0,0,17466,25.9292,D17,S,8,NA,1
290,1,1,female,18,0,2,110413,79.65,E68,S,8,NA,1
291,1,0,male,52,1,1,110413,79.65,E67,S,NA,NA,1
292,1,1,female,39,1,1,110413,79.65,E67,S,8,NA,1
293,1,1,male,48,1,0,19996,52,C126,S,5 7,NA,1
294,1,1,female,29.88113451,1,0,19996,52,C126,S,5 7,NA,1
295,1,0,male,49,1,1,17421,110.8833,C68,C,NA,NA,1
296,1,1,male,17,0,2,17421,110.8833,C70,C,B,NA,1
297,1,1,female,39,1,1,17421,110.8833,C68,C,4,NA,1
298,1,1,female,29.88113451,0,0,PC 17585,79.2,,C,D,NA,0
299,1,1,male,31,0,0,2543,28.5375,C53,C,7,NA,1
300,1,0,male,40,0,0,PC 17601,27.7208,,C,NA,NA,0
301,1,0,male,61,0,0,111240,33.5,B19,S,NA,245,1
302,1,0,male,47,0,0,36967,34.0208,D46,S,NA,NA,1
303,1,1,female,35,0,0,PC 17755,512.3292,,C,3,NA,0
304,1,0,male,64,1,0,110813,75.25,D37,C,NA,NA,1
305,1,1,female,60,1,0,110813,75.25,D37,C,5,NA,1
306,1,0,male,60,0,0,113800,26.55,,S,NA,NA,0
307,1,0,male,54,0,1,35281,77.2875,D26,S,NA,NA,1
308,1,0,male,21,0,1,35281,77.2875,D26,S,NA,169,1
309,1,1,female,55,0,0,PC 17760,135.6333,C32,C,8,NA,1
310,1,1,female,31,0,2,36928,164.8667,C7,S,8,NA,1
311,1,0,male,57,1,1,36928,164.8667,,S,NA,NA,0
312,1,1,female,45,1,1,36928,164.8667,,S,8,NA,0
313,1,0,male,50,1,1,113503,211.5,C80,C,NA,NA,1
314,1,0,male,27,0,2,113503,211.5,C82,C,NA,NA,1
315,1,1,female,50,1,1,113503,211.5,C80,C,4,NA,1
316,1,1,female,21,0,0,113795,26.55,,S,8 10,NA,0
317,1,0,male,51,0,1,PC 17597,61.3792,,C,NA,NA,0
318,1,1,male,21,0,1,PC 17597,61.3792,,C,A,NA,0
319,1,0,male,29.88113451,0,0,113510,35,C128,S,NA,NA,1
320,1,1,female,31,0,0,16966,134.5,E39 E41,C,3,NA,1
321,1,1,male,29.88113451,0,0,19947,35.5,C52,S,D,NA,1
322,1,0,male,62,0,0,113807,26.55,,S,NA,NA,0
323,1,1,female,36,0,0,PC 17760,135.6333,C32,C,8,NA,1
324,2,0,male,30,1,0,P/PP 3381,24,,C,NA,NA,0
325,2,1,female,28,1,0,P/PP 3381,24,,C,10,NA,0
326,2,0,male,30,0,0,248744,13,,S,NA,NA,0
327,2,0,male,18,0,0,231945,11.5,,S,NA,NA,0
328,2,0,male,25,0,0,C.A. 34050,10.5,,S,NA,NA,0
329,2,0,male,34,1,0,226875,26,,S,NA,NA,0
330,2,1,female,36,1,0,226875,26,,S,11,NA,0
331,2,0,male,57,0,0,244346,13,,S,NA,NA,0
332,2,0,male,18,0,0,29108,11.5,,S,NA,NA,0
333,2,0,male,23,0,0,C.A. 31030,10.5,,S,NA,NA,0
334,2,1,female,36,0,0,28551,13,D,S,10,NA,1
335,2,0,male,28,0,0,C.A./SOTON 34068,10.5,,S,NA,NA,0
336,2,0,male,51,0,0,S.O.P. 1166,12.525,,S,NA,174,0
337,2,1,male,32,1,0,2908,26,,S,13,NA,0
338,2,1,female,19,1,0,2908,26,,S,13,NA,0
339,2,0,male,28,0,0,244358,26,,S,NA,NA,0
340,2,1,male,1,2,1,230136,39,F4,S,11,NA,1
341,2,1,female,4,2,1,230136,39,F4,S,11,NA,1
342,2,1,female,12,2,1,230136,39,F4,S,13,NA,1
343,2,1,female,36,0,3,230136,39,F4,S,11,NA,1
344,2,1,male,34,0,0,248698,13,D56,S,13,NA,1
345,2,1,female,19,0,0,28404,13,,S,12,NA,0
346,2,0,male,23,0,0,28425,13,,S,NA,NA,0
347,2,0,male,26,0,0,237670,13,,S,NA,NA,0
348,2,0,male,42,0,0,211535,13,,S,NA,NA,0
349,2,0,male,27,0,0,220367,13,,S,NA,NA,0
350,2,1,female,24,0,0,248733,13,F33,S,11,NA,1
351,2,1,female,15,0,2,29750,39,,S,14,NA,0
352,2,0,male,60,1,1,29750,39,,S,NA,NA,0
353,2,1,female,40,1,1,29750,39,,S,14,NA,0
354,2,1,female,20,1,0,236853,26,,S,12,NA,0
355,2,0,male,25,1,0,236853,26,,S,NA,NA,0
356,2,1,female,36,0,0,27849,13,,S,9,NA,0
357,2,0,male,25,0,0,234686,13,,S,NA,97,0
358,2,0,male,42,0,0,244310,13,,S,NA,NA,0
359,2,1,female,42,0,0,236852,13,,S,NA,NA,0
360,2,1,male,0.8333,0,2,248738,29,,S,13,NA,0
361,2,1,male,26,1,1,248738,29,,S,13,NA,0
362,2,1,female,22,1,1,248738,29,,S,13,NA,0
363,2,1,female,35,0,0,F.C.C. 13528,21,,S,14,NA,0
364,2,0,male,29.88113451,0,0,239853,0,,S,NA,NA,0
365,2,0,male,19,0,0,28424,13,,S,NA,18,0
366,2,0,female,44,1,0,244252,26,,S,NA,NA,0
367,2,0,male,54,1,0,244252,26,,S,NA,NA,0
368,2,0,male,52,0,0,248731,13.5,,S,NA,130,0
369,2,0,male,37,1,0,SC/AH 29037,26,,S,NA,17,0
370,2,0,female,29,1,0,SC/AH 29037,26,,S,NA,NA,0
371,2,1,female,25,1,1,237789,30,,S,12,NA,0
372,2,1,female,45,0,2,237789,30,,S,12,NA,0
373,2,0,male,29,1,0,2003,26,,S,NA,NA,0
374,2,1,female,28,1,0,2003,26,,S,14,NA,0
375,2,0,male,29,0,0,W./C. 14263,10.5,,S,NA,NA,0
376,2,0,male,28,0,0,248740,13,,S,NA,NA,0
377,2,1,male,24,0,0,28034,10.5,,S,9,NA,0
378,2,1,female,8,0,2,C.A. 31921,26.25,,S,14,NA,0
379,2,0,male,31,1,1,C.A. 31921,26.25,,S,NA,NA,0
380,2,1,female,31,1,1,C.A. 31921,26.25,,S,14,NA,0
381,2,1,female,22,0,0,W./C. 14266,10.5,F33,S,14,NA,1
382,2,0,female,30,0,0,237249,13,,S,NA,NA,0
383,2,0,female,29.88113451,0,0,F.C.C. 13534,21,,S,NA,NA,0
384,2,0,male,21,0,0,29107,11.5,,S,NA,NA,0
385,2,0,male,29.88113451,0,0,239853,0,,S,NA,NA,0
386,2,1,male,8,1,1,C.A. 33112,36.75,,S,14,NA,0
387,2,0,male,18,0,0,S.O.C. 14879,73.5,,S,NA,NA,0
388,2,1,female,48,0,2,C.A. 33112,36.75,,S,14,NA,0
389,2,1,female,28,0,0,237668,13,,S,13,NA,0
390,2,0,male,32,0,0,244360,13,,S,NA,NA,0
391,2,0,male,17,0,0,S.O.C. 14879,73.5,,S,NA,NA,0
392,2,0,male,29,1,0,SC/PARIS 2167,27.7208,,C,NA,295,0
393,2,1,female,24,1,0,SC/PARIS 2167,27.7208,,C,12,NA,0
394,2,0,male,25,0,0,C.A. 31029,31.5,,S,NA,NA,0
395,2,0,male,18,0,0,S.O.C. 14879,73.5,,S,NA,NA,0
396,2,1,female,18,0,1,231919,23,,S,NA,NA,0
397,2,1,female,34,0,1,231919,23,,S,NA,NA,0
398,2,0,male,54,0,0,28403,26,,S,NA,NA,0
399,2,1,male,8,0,2,28220,32.5,,S,10,NA,0
400,2,0,male,42,1,1,28220,32.5,,S,NA,NA,0
401,2,1,female,34,1,1,28220,32.5,,S,10,NA,0
402,2,1,female,27,1,0,SC/PARIS 2149,13.8583,,C,12,NA,0
403,2,1,female,30,1,0,SC/PARIS 2148,13.8583,,C,12,NA,0
404,2,0,male,23,0,0,29751,13,,S,NA,NA,0
405,2,0,male,21,0,0,236854,13,,S,NA,NA,0
406,2,0,male,18,0,0,236171,13,,S,NA,NA,0
407,2,0,male,40,1,0,2926,26,,S,NA,286,0
408,2,1,female,29,1,0,2926,26,,S,16,NA,0
409,2,0,male,18,0,0,C.A. 15185,10.5,,S,NA,NA,0
410,2,0,male,36,0,0,229236,13,,S,NA,236,0
411,2,0,male,29.88113451,0,0,239854,0,,S,NA,NA,0
412,2,0,female,38,0,0,237671,13,,S,NA,NA,0
413,2,0,male,35,0,0,239865,26,,S,NA,322,0
414,2,0,male,38,1,0,28664,21,,S,NA,NA,0
415,2,0,male,34,1,0,28664,21,,S,NA,NA,0
416,2,1,female,34,0,0,243880,13,,S,12,NA,0
417,2,0,male,16,0,0,239865,26,,S,NA,NA,0
418,2,0,male,26,0,0,31028,10.5,,S,NA,NA,0
419,2,0,male,47,0,0,C.A. 30769,10.5,,S,NA,NA,0
420,2,0,male,21,1,0,28133,11.5,,S,NA,NA,0
421,2,0,male,21,1,0,28134,11.5,,S,NA,NA,0
422,2,0,male,24,0,0,248726,13.5,,S,NA,297,0
423,2,0,male,24,0,0,233866,13,,S,NA,155,0
424,2,0,male,34,0,0,12233,13,,S,NA,NA,0
425,2,0,male,30,0,0,250646,13,,S,NA,305,0
426,2,0,male,52,0,0,250647,13,,S,NA,19,0
427,2,0,male,30,0,0,250653,13,,S,NA,75,0
428,2,1,male,0.6667,1,1,250649,14.5,,S,4,NA,0
429,2,1,female,24,0,2,250649,14.5,,S,4,NA,0
430,2,0,male,44,0,0,248746,13,,S,NA,35,0
431,2,1,female,6,0,1,248727,33,,S,11,NA,0
432,2,0,male,28,0,1,248727,33,,S,NA,NA,0
433,2,1,male,62,0,0,S.W./PP 752,10.5,,S,15,NA,0
434,2,0,male,30,0,0,W/C 14208,10.5,,S,NA,NA,0
435,2,1,female,7,0,2,F.C.C. 13529,26.25,,S,14,NA,0
436,2,0,male,43,1,1,F.C.C. 13529,26.25,,S,NA,NA,0
437,2,1,female,45,1,1,F.C.C. 13529,26.25,,S,14,NA,0
438,2,1,female,24,1,2,220845,65,,S,9,NA,0
439,2,1,female,24,1,2,220845,65,,S,9,NA,0
440,2,0,male,49,1,2,220845,65,,S,NA,NA,0
441,2,1,female,48,1,2,220845,65,,S,9,NA,0
442,2,1,female,55,0,0,248706,16,,S,13,NA,0
443,2,0,male,24,2,0,S.O.C. 14879,73.5,,S,NA,NA,0
444,2,0,male,32,2,0,S.O.C. 14879,73.5,,S,NA,256,0
445,2,0,male,21,2,0,S.O.C. 14879,73.5,,S,NA,NA,0
446,2,0,female,18,1,1,250650,13,,S,NA,NA,0
447,2,1,female,20,2,1,29105,23,,S,4,NA,0
448,2,0,male,23,2,1,29104,11.5,,S,NA,NA,0
449,2,0,male,36,0,0,242963,13,,S,NA,NA,0
450,2,1,female,54,1,3,29105,23,,S,4,NA,0
451,2,0,male,50,0,0,250643,13,,S,NA,149,0
452,2,0,male,44,1,0,26707,26,,S,NA,NA,0
453,2,1,female,29,1,0,26707,26,,S,10,NA,0
454,2,0,male,21,0,0,S.O.C. 14879,73.5,,S,NA,NA,0
455,2,1,male,42,0,0,237798,13,,S,10,NA,0
456,2,0,male,63,1,0,24065,26,,S,NA,NA,0
457,2,0,female,60,1,0,24065,26,,S,NA,NA,0
458,2,0,male,33,0,0,SCO/W 1585,12.275,,S,NA,NA,0
459,2,1,female,17,0,0,SO/C 14885,10.5,,S,NA,NA,0
460,2,0,male,42,1,0,243847,27,,S,NA,NA,0
461,2,1,female,24,2,1,243847,27,,S,12,NA,0
462,2,0,male,47,0,0,237565,15,,S,NA,NA,0
463,2,0,male,24,2,0,C.A. 31029,31.5,,S,NA,NA,0
464,2,0,male,22,2,0,C.A. 31029,31.5,,S,NA,NA,0
465,2,0,male,32,0,0,C.A. 33111,10.5,,S,NA,NA,0
466,2,1,female,23,0,0,SC/AH Basle 541,13.7917,D,C,11,NA,1
467,2,0,male,34,1,0,244367,26,,S,NA,283,0
468,2,1,female,24,1,0,244367,26,,S,12,NA,0
469,2,0,female,22,0,0,F.C.C. 13534,21,,S,NA,NA,0
470,2,1,female,29.88113451,0,0,226593,12.35,E101,Q,10,NA,1
471,2,0,male,35,0,0,233734,12.35,,Q,NA,NA,0
472,2,1,female,45,0,0,223596,13.5,,S,9,NA,0
473,2,0,male,57,0,0,219533,12.35,,Q,NA,NA,0
474,2,0,male,29.88113451,0,0,239855,0,,S,NA,NA,0
475,2,0,male,31,0,0,C.A. 18723,10.5,,S,NA,165,0
476,2,0,female,26,1,1,250651,26,,S,NA,NA,0
477,2,0,male,30,1,1,250651,26,,S,NA,NA,0
478,2,0,male,29.88113451,0,0,240261,10.7083,,Q,NA,NA,0
479,2,1,female,1,1,2,SC/Paris 2123,41.5792,,C,14,NA,0
480,2,1,female,3,1,2,SC/Paris 2123,41.5792,,C,14,NA,0
481,2,0,male,25,1,2,SC/Paris 2123,41.5792,,C,NA,NA,0
482,2,1,female,22,1,2,SC/Paris 2123,41.5792,,C,14,NA,0
483,2,1,female,17,0,0,SC 1748,12,,C,12,NA,0
484,2,1,female,29.88113451,0,0,248727,33,,S,11,NA,0
485,2,1,female,34,0,0,C.A. 34260,10.5,F33,S,14,NA,1
486,2,0,male,36,0,0,SC/Paris 2163,12.875,D,C,NA,NA,1
487,2,0,male,24,0,0,C.A. 29566,10.5,,S,NA,108,0
488,2,0,male,61,0,0,235509,12.35,,Q,NA,NA,0
489,2,0,male,50,1,0,SC/AH 3085,26,,S,NA,121,0
490,2,1,female,42,1,0,SC/AH 3085,26,,S,NA,NA,0
491,2,0,female,57,0,0,S.O./P.P. 3,10.5,E77,S,NA,52,1
492,2,0,male,29.88113451,0,0,237735,15.0458,D,C,NA,NA,1
493,2,1,male,1,0,2,S.C./PARIS 2079,37.0042,,C,10,NA,0
494,2,0,male,31,1,1,S.C./PARIS 2079,37.0042,,C,NA,NA,0
495,2,1,female,24,1,1,S.C./PARIS 2079,37.0042,,C,10,NA,0
496,2,0,male,29.88113451,0,0,SC/A.3 2861,15.5792,,C,NA,NA,0
497,2,0,male,30,0,0,28228,13,,S,NA,NA,0
498,2,0,male,40,0,0,239059,16,,S,NA,NA,0
499,2,0,male,32,0,0,237216,13.5,,S,NA,209,0
500,2,0,male,30,0,0,233478,13,,S,NA,NA,0
501,2,0,male,46,0,0,28403,26,,S,NA,NA,0
502,2,1,female,13,0,1,250644,19.5,,S,14,NA,0
503,2,1,female,41,0,1,250644,19.5,,S,14,NA,0
504,2,1,male,19,0,0,SW/PP 751,10.5,,S,B,NA,0
505,2,0,male,39,0,0,248723,13,,S,NA,NA,0
506,2,0,male,48,0,0,234360,13,,S,NA,271,0
507,2,0,male,70,0,0,C.A. 24580,10.5,,S,NA,NA,0
508,2,0,male,27,0,0,211536,13,,S,NA,NA,0
509,2,0,male,54,0,0,29011,14,,S,NA,NA,0
510,2,0,male,39,0,0,250655,26,,S,NA,NA,0
511,2,0,male,16,0,0,S.O./P.P. 3,10.5,,S,NA,NA,0
512,2,0,male,62,0,0,240276,9.6875,,Q,NA,NA,0
513,2,0,male,32.5,1,0,237736,30.0708,,C,NA,43,0
514,2,1,female,14,1,0,237736,30.0708,,C,NA,NA,0
515,2,1,male,2,1,1,230080,26,F2,S,D,NA,1
516,2,1,male,3,1,1,230080,26,F2,S,D,NA,1
517,2,0,male,36.5,0,2,230080,26,F2,S,NA,15,1
518,2,0,male,26,0,0,244368,13,F2,S,NA,NA,1
519,2,0,male,19,1,1,C.A. 33112,36.75,,S,NA,101,0
520,2,0,male,28,0,0,218629,13.5,,S,NA,287,0
521,2,1,male,20,0,0,SC/PARIS 2166,13.8625,D38,C,7,NA,1
522,2,1,female,29,0,0,C.A. 29395,10.5,F33,S,11,NA,1
523,2,0,male,39,0,0,28213,13,,S,NA,NA,0
524,2,1,male,22,0,0,W./C. 14260,10.5,,S,13,NA,0
525,2,1,male,29.88113451,0,0,SC/PARIS 2146,13.8625,,C,9,NA,0
526,2,0,male,23,0,0,244278,10.5,,S,NA,NA,0
527,2,1,male,29,0,0,SC/PARIS 2147,13.8583,,C,9,NA,0
528,2,0,male,28,0,0,SC 14888,10.5,,S,NA,NA,0
529,2,0,male,29.88113451,0,0,239853,0,,S,NA,NA,0
530,2,1,female,50,0,1,230433,26,,S,12,NA,0
531,2,0,male,19,0,0,28665,10.5,,S,NA,NA,0
532,2,0,male,29.88113451,0,0,SC/PARIS 2131,15.05,,C,NA,NA,0
533,2,0,male,41,0,0,237393,13,,S,NA,NA,0
534,2,1,female,21,0,1,S.O./P.P. 2,21,,S,12,NA,0
535,2,1,female,19,0,0,250655,26,,S,11,NA,0
536,2,0,male,43,0,1,S.O./P.P. 2,21,,S,NA,NA,0
537,2,1,female,32,0,0,234604,13,,S,9,NA,0
538,2,0,male,34,0,0,250647,13,,S,NA,NA,0
539,2,1,male,30,0,0,C.A. 34644,12.7375,,C,14,NA,0
540,2,0,male,27,0,0,SC/PARIS 2168,15.0333,,C,NA,NA,0
541,2,1,female,2,1,1,26360,26,,S,11,NA,0
542,2,1,female,8,1,1,26360,26,,S,11,NA,0
543,2,1,female,33,0,2,26360,26,,S,11,NA,0
544,2,0,male,36,0,0,C.A. 17248,10.5,,S,NA,NA,0
545,2,0,male,34,1,0,31027,21,,S,12,NA,0
546,2,1,female,30,3,0,31027,21,,S,NA,NA,0
547,2,1,female,28,0,0,230434,13,,S,9,NA,0
548,2,0,male,23,0,0,SC/PARIS 2133,15.0458,,C,NA,NA,0
549,2,1,male,0.8333,1,1,29106,18.75,,S,4,NA,0
550,2,1,male,3,1,1,29106,18.75,,S,4,NA,0
551,2,1,female,24,2,3,29106,18.75,,S,4,NA,0
552,2,1,female,50,0,0,W./C. 14258,10.5,,S,13,NA,0
553,2,0,male,19,0,0,28004,10.5,,S,NA,NA,0
554,2,1,female,21,0,0,C.A. 31026,10.5,,S,12,NA,0
555,2,0,male,26,0,0,248659,13,,S,NA,NA,0
556,2,0,male,25,0,0,244361,13,,S,NA,NA,0
557,2,0,male,27,0,0,244358,26,,S,NA,NA,0
558,2,1,female,25,0,1,230433,26,,S,12,NA,0
559,2,1,female,18,0,2,250652,13,,S,16,NA,0
560,2,1,female,20,0,0,C.A. 33112,36.75,,S,11,NA,0
561,2,1,female,30,0,0,250648,13,,S,10,NA,0
562,2,0,male,59,0,0,237442,13.5,,S,NA,NA,0
563,2,1,female,30,0,0,234818,12.35,,Q,13,NA,0
564,2,0,male,35,0,0,28206,10.5,,S,NA,NA,0
565,2,1,female,40,0,0,31418,13,,S,9,NA,0
566,2,0,male,25,0,0,C.A. 29178,13,,S,NA,NA,0
567,2,0,male,41,0,0,237734,15.0458,,C,NA,NA,0
568,2,0,male,25,0,0,F.C.C. 13540,10.5,,S,NA,81,0
569,2,0,male,18.5,0,0,248734,13,F,S,NA,294,1
570,2,0,male,14,0,0,220845,65,,S,NA,NA,0
571,2,1,female,50,0,0,F.C.C. 13531,10.5,,S,9,NA,0
572,2,0,male,23,0,0,233639,13,,S,NA,NA,0
573,2,1,female,28,0,0,240929,12.65,,S,NA,NA,0
574,2,1,female,27,0,0,34218,10.5,E101,S,16,NA,1
575,2,0,male,29,1,0,11668,21,,S,NA,NA,0
576,2,0,female,27,1,0,11668,21,,S,NA,NA,0
577,2,0,male,40,0,0,28221,13,,S,NA,NA,0
578,2,1,female,31,0,0,F.C.C. 13528,21,,S,14,NA,0
579,2,0,male,30,1,0,CA 31352,21,,S,NA,NA,0
580,2,0,male,23,1,0,28666,10.5,,S,NA,NA,0
581,2,1,female,31,0,0,CA 31352,21,,S,10,NA,0
582,2,0,male,29.88113451,0,0,239856,0,,S,NA,NA,0
583,2,1,female,12,0,0,C.A. 33595,15.75,,S,9,NA,0
584,2,1,female,40,0,0,C.A. 33595,15.75,,S,9,NA,0
585,2,1,female,32.5,0,0,27267,13,E101,S,12,NA,1
586,2,0,male,27,1,0,228414,26,,S,NA,293,0
587,2,1,female,29,1,0,228414,26,,S,10,NA,0
588,2,1,male,2,1,1,29103,23,,S,14,NA,0
589,2,1,female,4,1,1,29103,23,,S,14,NA,0
590,2,1,female,29,0,2,29103,23,,S,14,NA,0
591,2,1,female,0.9167,1,2,C.A. 34651,27.75,,S,10,NA,0
592,2,1,female,5,1,2,C.A. 34651,27.75,,S,10,NA,0
593,2,0,male,36,1,2,C.A. 34651,27.75,,S,NA,NA,0
594,2,1,female,33,1,2,C.A. 34651,27.75,,S,10,NA,0
595,2,0,male,66,0,0,C.A. 24579,10.5,,S,NA,NA,0
596,2,0,male,29.88113451,0,0,SC/PARIS 2159,12.875,,S,NA,NA,0
597,2,1,male,31,0,0,244270,13,,S,9,NA,0
598,2,1,male,29.88113451,0,0,244373,13,,S,14,NA,0
599,2,1,female,26,0,0,220844,13.5,,S,9,NA,0
600,2,0,female,24,0,0,248747,13,,S,NA,NA,0
601,3,0,male,42,0,0,C.A. 5547,7.55,,S,NA,NA,0
602,3,0,male,13,0,2,C.A. 2673,20.25,,S,NA,NA,0
603,3,0,male,16,1,1,C.A. 2673,20.25,,S,NA,190,0
604,3,1,female,35,1,1,C.A. 2673,20.25,,S,A,NA,0
605,3,1,female,16,0,0,348125,7.65,,S,16,NA,0
606,3,1,male,25,0,0,348122,7.65,F G63,S,A,NA,1
607,3,1,male,20,0,0,SOTON/O2 3101284,7.925,,S,15,NA,0
608,3,1,female,18,0,0,2657,7.2292,,C,C,NA,0
609,3,0,male,30,0,0,C 7076,7.25,,S,NA,72,0
610,3,0,male,26,0,0,341826,8.05,,S,NA,103,0
611,3,0,female,40,1,0,7546,9.475,,S,NA,NA,0
612,3,1,male,0.8333,0,1,392091,9.35,,S,11,NA,0
613,3,1,female,18,0,1,392091,9.35,,S,13,NA,0
614,3,1,male,26,0,0,2699,18.7875,,C,15,NA,0
615,3,0,male,26,0,0,3474,7.8875,,S,NA,NA,0
616,3,0,male,20,0,0,SOTON/O2 3101287,7.925,,S,NA,NA,0
617,3,0,male,24,0,0,SOTON/O.Q. 3101311,7.05,,S,NA,NA,0
618,3,0,male,25,0,0,SOTON/O.Q. 3101312,7.05,,S,NA,79,0
619,3,0,male,35,0,0,373450,8.05,,S,NA,NA,0
620,3,0,male,18,0,0,2223,8.3,,S,NA,259,0
621,3,0,male,32,0,0,C 4001,22.525,,S,NA,260,0
622,3,1,female,19,1,0,350046,7.8542,,S,16,NA,0
623,3,0,male,4,4,2,347082,31.275,,S,NA,NA,0
624,3,0,female,6,4,2,347082,31.275,,S,NA,NA,0
625,3,0,female,2,4,2,347082,31.275,,S,NA,NA,0
626,3,1,female,17,4,2,3101281,7.925,,S,D,NA,0
627,3,0,female,38,4,2,347091,7.775,,S,NA,NA,0
628,3,0,female,9,4,2,347082,31.275,,S,NA,NA,0
629,3,0,female,11,4,2,347082,31.275,,S,NA,NA,0
630,3,0,male,39,1,5,347082,31.275,,S,NA,NA,0
631,3,1,male,27,0,0,350043,7.7958,,S,A,NA,0
632,3,0,male,26,0,0,347075,7.775,,S,NA,NA,0
633,3,0,female,39,1,5,347082,31.275,,S,NA,NA,0
634,3,0,male,20,0,0,347466,7.8542,,S,NA,NA,0
635,3,0,male,26,0,0,349202,7.8958,,S,NA,NA,0
636,3,0,male,25,1,0,349237,17.8,,S,NA,NA,0
637,3,0,female,18,1,0,349237,17.8,,S,NA,NA,0
638,3,0,male,24,0,0,349911,7.775,,S,NA,NA,0
639,3,0,male,35,0,0,SOTON/O.Q. 3101310,7.05,,S,NA,NA,0
640,3,0,male,5,4,2,347077,31.3875,,S,NA,NA,0
641,3,0,male,9,4,2,347077,31.3875,,S,NA,NA,0
642,3,1,male,3,4,2,347077,31.3875,,S,15,NA,0
643,3,0,male,13,4,2,347077,31.3875,,S,NA,NA,0
644,3,1,female,5,4,2,347077,31.3875,,S,15,NA,0
645,3,0,male,40,1,5,347077,31.3875,,S,NA,142,0
646,3,1,male,23,0,0,350054,7.7958,,S,13,NA,0
647,3,1,female,38,1,5,347077,31.3875,,S,15,NA,0
648,3,1,female,45,0,0,2696,7.225,,C,C,NA,0
649,3,0,male,21,0,0,2692,7.225,,C,NA,NA,0
650,3,0,male,23,0,0,SOTON/O.Q. 3101309,7.05,,S,NA,NA,0
651,3,0,female,17,0,0,2627,14.4583,,C,NA,NA,0
652,3,0,male,30,0,0,2694,7.225,,C,NA,NA,0
653,3,0,male,23,0,0,347468,7.8542,,S,NA,NA,0
654,3,1,female,13,0,0,2687,7.2292,,C,C,NA,0
655,3,0,male,20,0,0,2679,7.225,,C,NA,NA,0
656,3,0,male,32,1,0,3101278,15.85,,S,D,NA,0
657,3,1,female,33,3,0,3101278,15.85,,S,NA,NA,0
658,3,1,female,0.75,2,1,2666,19.2583,,C,C,NA,0
659,3,1,female,0.75,2,1,2666,19.2583,,C,C,NA,0
660,3,1,female,5,2,1,2666,19.2583,,C,C,NA,0
661,3,1,female,24,0,3,2666,19.2583,,C,C,NA,0
662,3,1,female,18,0,0,A/4 31416,8.05,,S,C,NA,0
663,3,0,male,40,0,0,2623,7.225,,C,NA,NA,0
664,3,0,male,26,0,0,349248,7.8958,,S,NA,NA,0
665,3,1,male,20,0,0,2663,7.2292,,C,15,NA,0
666,3,0,female,18,0,1,2691,14.4542,,C,NA,NA,0
667,3,0,female,45,0,1,2691,14.4542,,C,NA,NA,0
668,3,0,female,27,0,0,330844,7.8792,,Q,NA,NA,0
669,3,0,male,22,0,0,324669,8.05,,S,NA,NA,0
670,3,0,male,19,0,0,323951,8.05,,S,NA,NA,0
671,3,0,male,26,0,0,347068,7.775,,S,NA,NA,0
672,3,0,male,22,0,0,PP 4348,9.35,,S,NA,NA,0
673,3,0,male,29.88113451,0,0,2622,7.2292,,C,NA,NA,0
674,3,0,male,20,0,0,2648,4.0125,,C,NA,NA,0
675,3,1,male,32,0,0,1601,56.4958,,S,C,NA,0
676,3,0,male,21,0,0,312992,7.775,,S,NA,NA,0
677,3,0,male,18,0,0,347090,7.75,,S,NA,NA,0
678,3,0,male,26,0,0,349224,7.8958,,S,NA,NA,0
679,3,0,male,6,1,1,2678,15.2458,,C,NA,NA,0
680,3,0,female,9,1,1,2678,15.2458,,C,NA,NA,0
681,3,0,male,29.88113451,0,0,2664,7.225,,C,NA,NA,0
682,3,0,female,29.88113451,0,2,2678,15.2458,,C,NA,NA,0
683,3,0,female,29.88113451,0,2,364848,7.75,,Q,NA,NA,0
684,3,0,male,40,1,1,364849,15.5,,Q,NA,NA,0
685,3,0,female,32,1,1,364849,15.5,,Q,NA,NA,0
686,3,0,male,21,0,0,54636,16.1,,S,NA,NA,0
687,3,1,female,22,0,0,334914,7.725,,Q,13,NA,0
688,3,0,female,20,0,0,347471,7.8542,,S,NA,NA,0
689,3,0,male,29,1,0,3460,7.0458,,S,NA,NA,0
690,3,0,male,22,1,0,A/5 21171,7.25,,S,NA,NA,0
691,3,0,male,22,0,0,350045,7.7958,,S,NA,NA,0
692,3,0,male,35,0,0,364512,8.05,,S,NA,NA,0
693,3,0,female,18.5,0,0,329944,7.2833,,Q,NA,299,0
694,3,1,male,21,0,0,330920,7.8208,,Q,13,NA,0
695,3,0,male,19,0,0,365222,6.75,,Q,NA,NA,0
696,3,0,female,18,0,0,330963,7.8792,,Q,NA,NA,0
697,3,0,female,21,0,0,315087,8.6625,,S,NA,NA,0
698,3,0,female,30,0,0,315084,8.6625,,S,NA,NA,0
699,3,0,male,18,0,0,315091,8.6625,,S,NA,NA,0
700,3,0,male,38,0,0,315089,8.6625,,S,NA,NA,0
701,3,0,male,17,0,0,315093,8.6625,,S,NA,NA,0
702,3,0,male,17,0,0,315086,8.6625,,S,NA,NA,0
703,3,0,female,21,0,0,364846,7.75,,Q,NA,NA,0
704,3,0,male,21,0,0,364858,7.75,,Q,NA,NA,0
705,3,0,male,21,0,0,A./5. 2152,8.05,,S,NA,NA,0
706,3,0,male,29.88113451,1,0,2689,14.4583,,C,NA,NA,0
707,3,0,female,29.88113451,1,0,2689,14.4583,,C,NA,NA,0
708,3,0,male,28,0,0,350042,7.7958,,S,NA,NA,0
709,3,0,male,24,0,0,350409,7.8542,,S,NA,NA,0
710,3,1,female,16,0,0,367231,7.75,,Q,16,NA,0
711,3,0,female,37,0,0,368364,7.75,,Q,NA,NA,0
712,3,0,male,28,0,0,392095,7.25,,S,NA,NA,0
713,3,0,male,24,0,0,343275,8.05,,S,NA,NA,0
714,3,0,male,21,0,0,A/5. 13032,7.7333,,Q,NA,NA,0
715,3,1,male,32,0,0,1601,56.4958,,S,C,NA,0
716,3,0,male,29,0,0,343276,8.05,,S,NA,NA,0
717,3,0,male,26,1,0,2680,14.4542,,C,NA,NA,0
718,3,0,male,18,1,0,2680,14.4542,,C,NA,NA,0
719,3,0,male,20,0,0,SOTON/O.Q. 3101307,7.05,,S,NA,NA,0
720,3,1,male,18,0,0,A/5 3540,8.05,,S,12,NA,0
721,3,0,male,24,0,0,371109,7.25,,Q,NA,NA,0
722,3,0,male,36,0,0,349210,7.4958,,S,NA,NA,0
723,3,0,male,24,0,0,349209,7.4958,,S,NA,NA,0
724,3,0,male,31,0,0,21332,7.7333,,Q,NA,NA,0
725,3,0,male,31,0,0,335097,7.75,,Q,NA,NA,0
726,3,1,female,22,0,0,370373,7.75,,Q,13,NA,0
727,3,0,female,30,0,0,330972,7.6292,,Q,NA,NA,0
728,3,0,male,70.5,0,0,370369,7.75,,Q,NA,171,0
729,3,0,male,43,0,0,A/5 3536,8.05,,S,NA,NA,0
730,3,0,male,35,0,0,349230,7.8958,,S,NA,NA,0
731,3,0,male,27,0,0,349229,7.8958,,S,NA,NA,0
732,3,0,male,19,0,0,349231,7.8958,,S,NA,NA,0
733,3,0,male,30,0,0,SOTON/OQ 392090,8.05,,S,NA,NA,0
734,3,1,male,9,1,1,C.A. 37671,15.9,,S,2,NA,0
735,3,1,male,3,1,1,C.A. 37671,15.9,,S,2,NA,0
736,3,1,female,36,0,2,C.A. 37671,15.9,,S,2,NA,0
737,3,0,male,59,0,0,364500,7.25,,S,NA,NA,0
738,3,0,male,19,0,0,S.P. 3464,8.1583,,S,NA,NA,0
739,3,1,female,17,0,1,371362,16.1,,S,12,NA,0
740,3,0,male,44,0,1,371362,16.1,,S,NA,NA,0
741,3,0,male,17,0,0,315090,8.6625,,S,NA,NA,0
742,3,0,male,22.5,0,0,2698,7.225,,C,NA,9,0
743,3,1,male,45,0,0,7598,8.05,,S,15,NA,0
744,3,0,female,22,0,0,7552,10.5167,,S,NA,NA,0
745,3,0,male,19,0,0,349228,10.1708,,S,NA,NA,0
746,3,1,female,30,0,0,382650,6.95,,Q,15,NA,0
747,3,1,male,29,0,0,382651,7.75,,Q,13 15 B,NA,0
748,3,0,male,0.3333,0,2,347080,14.4,,S,NA,NA,0
749,3,0,male,34,1,1,347080,14.4,,S,NA,197,0
750,3,0,female,28,1,1,347080,14.4,,S,NA,NA,0
751,3,0,male,27,0,0,349219,7.8958,,S,NA,NA,0
752,3,0,male,25,0,0,349203,7.8958,,S,NA,NA,0
753,3,0,male,24,2,0,A/4 48871,24.15,,S,NA,NA,0
754,3,0,male,22,0,0,SC/A4 23568,8.05,,S,NA,NA,0
755,3,0,male,21,2,0,A/4 48871,24.15,,S,NA,NA,0
756,3,0,male,17,2,0,A/4 48873,8.05,,S,NA,NA,0
757,3,0,male,29.88113451,1,0,386525,16.1,,S,NA,NA,0
758,3,1,female,29.88113451,1,0,386525,16.1,,S,16,NA,0
759,3,1,male,36.5,1,0,345572,17.4,,S,15,NA,0
760,3,1,female,36,1,0,345572,17.4,,S,13,NA,0
761,3,1,male,30,0,0,345774,9.5,,S,11,NA,0
762,3,0,male,16,0,0,345778,9.5,,S,NA,NA,0
763,3,1,male,1,1,2,C.A. 2315,20.575,,S,10,NA,0
764,3,1,female,0.1667,1,2,C.A. 2315,20.575,,S,10,NA,0
765,3,0,male,26,1,2,C.A. 2315,20.575,,S,NA,NA,0
766,3,1,female,33,1,2,C.A. 2315,20.575,,S,10,NA,0
767,3,0,male,25,0,0,349250,7.8958,,S,NA,NA,0
768,3,0,male,29.88113451,0,0,349238,7.8958,,S,NA,NA,0
769,3,0,male,29.88113451,0,0,349225,7.8958,,S,NA,NA,0
770,3,0,male,22,0,0,A/5 21172,7.25,,S,NA,NA,0
771,3,0,male,36,0,0,A/5 21175,7.25,,S,NA,NA,0
772,3,1,female,19,0,0,330958,7.8792,,Q,C,NA,0
773,3,0,male,17,0,0,349232,7.8958,,S,NA,NA,0
774,3,0,male,42,0,0,315088,8.6625,,S,NA,NA,0
775,3,0,male,43,0,0,349226,7.8958,,S,NA,NA,0
776,3,0,male,29.88113451,0,0,2686,7.2292,,C,NA,NA,0
777,3,0,male,32,0,0,370376,7.75,,Q,NA,NA,0
778,3,1,male,19,0,0,A/5. 10482,8.05,,S,B,NA,0
779,3,1,female,30,0,0,364516,12.475,,S,13,NA,0
780,3,0,female,24,0,0,368702,7.75,,Q,NA,NA,0
781,3,1,female,23,0,0,SOTON/OQ 392083,8.05,,S,NA,NA,0
782,3,0,male,33,0,0,349241,7.8958,,C,NA,51,0
783,3,0,male,65,0,0,336439,7.75,,Q,NA,NA,0
784,3,1,male,24,0,0,S.O./P.P. 752,7.55,,S,D,NA,0
785,3,0,male,23,1,0,347072,13.9,,S,NA,NA,0
786,3,1,female,22,1,0,347072,13.9,,S,16,NA,0
787,3,0,male,18,0,0,349912,7.775,,S,NA,NA,0
788,3,0,male,16,0,0,347074,7.775,,S,NA,NA,0
789,3,0,male,45,0,0,347061,6.975,,S,NA,NA,0
790,3,0,male,29.88113451,0,0,2674,7.225,,C,NA,NA,0
791,3,0,male,39,0,2,2675,7.2292,,C,NA,NA,0
792,3,0,male,17,1,1,2690,7.2292,,C,NA,NA,0
793,3,0,male,15,1,1,2695,7.2292,,C,NA,NA,0
794,3,0,male,47,0,0,A/5 3902,7.25,,S,NA,NA,0
795,3,1,female,5,0,0,364516,12.475,,S,13,NA,0
796,3,0,male,29.88113451,0,0,2631,7.225,,C,NA,NA,0
797,3,0,male,40.5,0,0,C.A. 6212,15.1,,S,NA,187,0
798,3,0,male,40.5,0,0,367232,7.75,,Q,NA,68,0
799,3,1,male,29.88113451,0,0,SOTON/O.Q. 3101308,7.05,,S,15,NA,0
800,3,0,male,18,0,0,350036,7.7958,,S,NA,NA,0
801,3,0,female,29.88113451,0,0,364859,7.75,,Q,NA,NA,0
802,3,0,male,29.88113451,0,0,364851,7.75,,Q,NA,NA,0
803,3,0,male,29.88113451,0,0,368323,6.95,,Q,NA,NA,0
804,3,0,male,26,0,0,330910,7.8792,,Q,NA,NA,0
805,3,0,male,29.88113451,0,0,365235,7.75,,Q,NA,NA,0
806,3,1,male,29.88113451,0,0,1601,56.4958,,S,13,NA,0
807,3,0,female,21,2,2,W./C. 6608,34.375,,S,NA,NA,0
808,3,0,female,9,2,2,W./C. 6608,34.375,,S,NA,NA,0
809,3,0,male,29.88113451,0,0,A/5 1478,8.05,,S,NA,NA,0
810,3,0,male,18,2,2,W./C. 6608,34.375,,S,NA,NA,0
811,3,0,male,16,1,3,W./C. 6608,34.375,,S,NA,NA,0
812,3,0,female,48,1,3,W./C. 6608,34.375,,S,NA,NA,0
813,3,0,male,29.88113451,0,0,368573,7.75,,Q,NA,NA,0
814,3,0,male,29.88113451,0,0,SOTON/O.Q. 3101314,7.25,,S,NA,NA,0
815,3,0,male,25,0,0,36864,7.7417,,Q,NA,NA,0
816,3,0,male,29.88113451,0,0,358585,14.5,,S,NA,NA,0
817,3,0,male,29.88113451,0,0,349254,7.8958,,C,NA,NA,0
818,3,0,male,22,0,0,14973,8.05,,S,NA,47,0
819,3,1,female,16,0,0,35851,7.7333,,Q,16,NA,0
820,3,1,female,29.88113451,0,0,335677,7.75,,Q,13,NA,0
821,3,1,male,9,0,2,363291,20.525,,S,C D,NA,0
822,3,0,male,33,1,1,363291,20.525,,S,NA,NA,0
823,3,0,male,41,0,0,SOTON/O.Q. 3101263,7.85,,S,NA,NA,0
824,3,1,female,31,1,1,363291,20.525,,S,C D,NA,0
825,3,0,male,38,0,0,SOTON/O.Q. 3101306,7.05,,S,NA,NA,0
826,3,0,male,9,5,2,CA 2144,46.9,,S,NA,NA,0
827,3,0,male,1,5,2,CA 2144,46.9,,S,NA,NA,0
828,3,0,male,11,5,2,CA 2144,46.9,,S,NA,NA,0
829,3,0,female,10,5,2,CA 2144,46.9,,S,NA,NA,0
830,3,0,female,16,5,2,CA 2144,46.9,,S,NA,NA,0
831,3,0,male,14,5,2,CA 2144,46.9,,S,NA,NA,0
832,3,0,male,40,1,6,CA 2144,46.9,,S,NA,NA,0
833,3,0,female,43,1,6,CA 2144,46.9,,S,NA,NA,0
834,3,0,male,51,0,0,21440,8.05,,S,NA,NA,0
835,3,0,male,32,0,0,8471,8.3625,,S,NA,NA,0
836,3,0,male,29.88113451,0,0,376563,8.05,,S,NA,NA,0
837,3,0,male,20,0,0,7534,9.8458,,S,NA,NA,0
838,3,0,male,37,2,0,3101276,7.925,,S,NA,98,0
839,3,0,male,28,2,0,3101277,7.925,,S,NA,NA,0
840,3,0,male,19,0,0,347069,7.775,,S,NA,NA,0
841,3,0,female,24,0,0,349236,8.85,,S,NA,NA,0
842,3,0,female,17,0,0,AQ/3. 30631,7.7333,,Q,NA,NA,0
843,3,0,male,29.88113451,1,0,65303,19.9667,,S,NA,NA,0
844,3,0,male,29.88113451,1,0,65304,19.9667,,S,NA,NA,0
845,3,0,male,28,1,0,STON/O2. 3101279,15.85,,S,NA,NA,0
846,3,1,female,24,1,0,STON/O2. 3101279,15.85,,S,15,NA,0
847,3,0,male,20,0,0,345769,9.5,,S,NA,NA,0
848,3,0,male,23.5,0,0,2693,7.2292,,C,NA,188,0
849,3,0,male,41,2,0,350026,14.1083,,S,NA,NA,0
850,3,0,male,26,1,0,350025,7.8542,,S,NA,NA,0
851,3,0,male,21,0,0,350029,7.8542,,S,NA,69,0
852,3,1,female,45,1,0,350026,14.1083,,S,11,NA,0
853,3,0,female,29.88113451,0,0,W./C. 6609,7.55,,S,NA,NA,0
854,3,0,male,25,0,0,374887,7.25,,S,B,NA,0
855,3,0,male,29.88113451,0,0,394140,6.8583,,Q,NA,NA,0
856,3,0,male,11,0,0,2699,18.7875,,C,NA,NA,0
857,3,1,female,29.88113451,0,0,370375,7.75,,Q,16,NA,0
858,3,1,male,27,0,0,347089,6.975,,S,15,NA,0
859,3,1,male,29.88113451,0,0,1601,56.4958,,S,C,NA,0
860,3,0,female,18,0,0,365226,6.75,,Q,NA,NA,0
861,3,1,female,26,0,0,STON/O2. 3101282,7.925,,S,NA,NA,0
862,3,0,female,23,0,0,STON/O2. 3101290,7.925,,S,NA,NA,0
863,3,1,female,22,0,0,7548,8.9625,,S,C,NA,0
864,3,0,male,28,0,0,349243,7.8958,,S,NA,306,0
865,3,0,female,28,0,0,347086,7.775,,S,NA,NA,0
866,3,0,female,29.88113451,0,0,382649,7.75,,Q,NA,NA,0
867,3,1,female,2,0,1,3101298,12.2875,,S,15,NA,0
868,3,1,female,22,1,1,3101298,12.2875,,S,15,NA,0
869,3,0,male,43,0,0,C 7075,6.45,,S,NA,NA,0
870,3,0,male,28,0,0,C 4001,22.525,,S,NA,NA,0
871,3,1,female,27,0,0,STON/O2. 3101283,7.925,,S,NA,NA,0
872,3,0,male,29.88113451,0,0,370377,7.75,,Q,NA,NA,0
873,3,1,female,29.88113451,0,0,A. 2. 39186,8.05,,S,C,NA,0
874,3,0,male,42,0,0,348121,7.65,F G63,S,NA,120,1
875,3,1,male,29.88113451,0,0,3470,7.8875,,S,C,NA,0
876,3,0,male,30,0,0,2685,7.2292,,C,NA,NA,0
877,3,0,male,29.88113451,0,0,349220,7.8958,,S,NA,NA,0
878,3,0,female,27,1,0,STON/O2. 3101270,7.925,,S,NA,NA,0
879,3,0,female,25,1,0,STON/O2. 3101271,7.925,,S,NA,NA,0
880,3,0,male,29.88113451,0,0,349201,7.8958,,S,NA,NA,0
881,3,1,male,29,0,0,349240,7.8958,,C,15,NA,0
882,3,1,male,21,0,0,350034,7.7958,,S,A,NA,0
883,3,0,male,29.88113451,0,0,SOTON/O.Q. 3101305,7.05,,S,NA,NA,0
884,3,0,male,20,0,0,350050,7.8542,,S,NA,NA,0
885,3,0,male,48,0,0,350047,7.8542,,S,NA,NA,0
886,3,0,male,17,1,0,350048,7.0542,,S,NA,NA,0
887,3,1,female,29.88113451,0,0,14313,7.75,,Q,D,NA,0
888,3,1,male,29.88113451,0,0,65306,8.1125,,S,13,NA,0
889,3,0,male,34,0,0,3101264,6.4958,,S,NA,143,0
890,3,1,male,26,0,0,347070,7.775,,S,15,NA,0
891,3,0,male,22,0,0,350052,7.7958,,S,NA,156,0
892,3,0,male,33,0,0,7540,8.6542,,S,NA,285,0
893,3,0,male,31,0,0,347063,7.775,,S,NA,NA,0
894,3,0,male,29,0,0,347467,7.8542,,S,NA,NA,0
895,3,1,male,4,1,1,347742,11.1333,,S,15,NA,0
896,3,1,female,1,1,1,347742,11.1333,,S,15,NA,0
897,3,0,male,49,0,0,LINE,0,,S,NA,NA,0
898,3,0,male,33,0,0,347062,7.775,,S,NA,37,0
899,3,0,male,19,0,0,LINE,0,,S,NA,NA,0
900,3,1,female,27,0,2,347742,11.1333,,S,15,NA,0
901,3,0,male,29.88113451,1,2,W./C. 6607,23.45,,S,NA,NA,0
902,3,0,female,29.88113451,1,2,W./C. 6607,23.45,,S,NA,NA,0
903,3,0,male,29.88113451,1,2,W./C. 6607,23.45,,S,NA,NA,0
904,3,0,female,29.88113451,1,2,W./C. 6607,23.45,,S,NA,NA,0
905,3,0,male,23,0,0,349204,7.8958,,S,NA,NA,0
906,3,1,male,32,0,0,350417,7.8542,,S,15,NA,0
907,3,0,male,27,0,0,350408,7.8542,,S,NA,NA,0
908,3,0,female,20,1,0,4136,9.825,,S,NA,NA,0
909,3,0,female,21,1,0,4137,9.825,,S,NA,NA,0
910,3,1,male,32,0,0,STON/O 2. 3101286,7.925,,S,15,NA,0
911,3,0,male,17,0,0,STON/O 2. 3101274,7.125,,S,NA,NA,0
912,3,0,male,21,0,0,8475,8.4333,,S,NA,NA,0
913,3,0,male,30,0,0,349246,7.8958,,S,NA,NA,0
914,3,1,male,21,0,0,350053,7.7958,,S,13,NA,0
915,3,0,male,33,0,0,347465,7.8542,,S,NA,NA,0
916,3,0,male,22,0,0,350060,7.5208,,S,NA,NA,0
917,3,1,female,4,0,1,349256,13.4167,,C,15,NA,0
918,3,1,male,39,0,1,349256,13.4167,,C,15,NA,0
919,3,0,male,29.88113451,0,0,2700,7.2292,,C,NA,NA,0
920,3,0,male,18.5,0,0,2682,7.2292,,C,NA,58,0
921,3,0,male,29.88113451,0,0,12460,7.75,,Q,NA,NA,0
922,3,0,male,29.88113451,0,0,323592,7.25,,S,A,NA,0
923,3,1,female,29.88113451,0,0,9234,7.75,,Q,16,NA,0
924,3,1,female,29.88113451,0,0,14312,7.75,,Q,D,NA,0
925,3,0,male,34.5,0,0,330911,7.8292,,Q,NA,70,0
926,3,0,male,44,0,0,363592,8.05,,S,NA,NA,0
927,3,1,male,29.88113451,0,0,368783,7.75,,Q,NA,NA,0
928,3,0,male,29.88113451,1,0,2660,14.4542,,C,NA,NA,0
929,3,0,female,29.88113451,1,0,2660,14.4542,,C,NA,NA,0
930,3,0,male,29.88113451,1,0,367227,7.75,,Q,NA,NA,0
931,3,0,male,29.88113451,1,0,367229,7.75,,Q,NA,NA,0
932,3,0,male,29.88113451,0,0,36865,7.7375,,Q,NA,NA,0
933,3,0,female,22,2,0,315152,8.6625,,S,NA,NA,0
934,3,0,male,26,2,0,315151,8.6625,,S,NA,NA,0
935,3,1,female,4,0,2,315153,22.025,,S,2,NA,0
936,3,1,male,29,3,1,315153,22.025,,S,2,NA,0
937,3,1,female,26,1,1,315153,22.025,,S,2,NA,0
938,3,0,female,1,1,1,350405,12.1833,,S,NA,NA,0
939,3,0,male,18,1,1,350404,7.8542,,S,NA,NA,0
940,3,0,female,36,0,2,350405,12.1833,,S,NA,NA,0
941,3,0,male,29.88113451,0,0,349253,7.8958,,C,NA,NA,0
942,3,1,male,25,0,0,2654,7.2292,F E57,C,10,NA,1
943,3,0,male,29.88113451,0,0,2624,7.225,,C,NA,NA,0
944,3,0,female,37,0,0,4135,9.5875,,S,NA,NA,0
945,3,0,male,29.88113451,0,0,349217,7.8958,,S,NA,NA,0
946,3,1,male,29.88113451,0,0,1601,56.4958,,S,C,NA,0
947,3,0,male,29.88113451,0,0,1601,56.4958,,S,NA,NA,0
948,3,1,female,22,0,0,C 7077,7.25,,S,13,NA,0
949,3,0,male,29.88113451,0,0,7935,7.75,,Q,NA,NA,0
950,3,1,male,26,0,0,1601,56.4958,,S,14,NA,0
951,3,0,male,29,0,0,7545,9.4833,,S,NA,NA,0
952,3,0,male,29,0,0,347067,7.775,,S,NA,NA,0
953,3,0,male,22,0,0,347065,7.775,,S,NA,NA,0
954,3,1,male,22,0,0,2620,7.225,,C,6,NA,0
955,3,0,male,29.88113451,3,1,4133,25.4667,,S,NA,NA,0
956,3,0,female,29.88113451,3,1,4133,25.4667,,S,NA,NA,0
957,3,0,female,29.88113451,3,1,4133,25.4667,,S,NA,NA,0
958,3,0,female,29.88113451,3,1,4133,25.4667,,S,NA,NA,0
959,3,0,female,29.88113451,0,4,4133,25.4667,,S,NA,NA,0
960,3,0,male,32,0,0,STON/O 2. 3101292,7.925,,S,NA,NA,0
961,3,0,male,34.5,0,0,2683,6.4375,,C,NA,196,0
962,3,0,female,29.88113451,1,0,370371,15.5,,Q,NA,NA,0
963,3,0,male,29.88113451,1,0,370371,15.5,,Q,NA,NA,0
964,3,0,male,36,0,0,LINE,0,,S,NA,NA,0
965,3,0,male,39,0,0,A/4 48871,24.15,,S,NA,NA,0
966,3,0,male,24,0,0,345781,9.5,,S,NA,NA,0
967,3,0,female,25,0,0,347071,7.775,,S,NA,NA,0
968,3,0,female,45,0,0,347073,7.75,,S,NA,NA,0
969,3,0,male,36,1,0,349910,15.55,,S,A,NA,0
970,3,0,female,30,1,0,349910,15.55,,S,A,NA,0
971,3,1,male,20,1,0,STON/O 2. 3101285,7.925,,S,15,NA,0
972,3,0,male,29.88113451,0,0,330971,7.8792,,Q,NA,NA,0
973,3,0,male,28,0,0,1601,56.4958,,S,NA,NA,0
974,3,0,male,29.88113451,0,0,S.O./P.P. 251,7.55,,S,NA,NA,0
975,3,0,male,30,1,0,A/5. 3336,16.1,,S,NA,NA,0
976,3,0,female,26,1,0,A/5. 3336,16.1,,S,NA,NA,0
977,3,0,male,29.88113451,0,0,1222,7.8792,,S,NA,153,0
978,3,0,male,20.5,0,0,A/5 21173,7.25,,S,NA,NA,0
979,3,1,male,27,0,0,315098,8.6625,,S,15,NA,0
980,3,0,male,51,0,0,347743,7.0542,,S,NA,NA,0
981,3,1,female,23,0,0,347469,7.8542,,S,10,NA,0
982,3,1,male,32,0,0,350403,7.5792,,S,15,NA,0
983,3,0,male,29.88113451,0,0,349235,7.8958,,S,NA,NA,0
984,3,0,male,29.88113451,0,0,C.A. 42795,7.55,,S,NA,NA,0
985,3,1,female,29.88113451,0,0,370370,7.75,,Q,15,NA,0
986,3,1,male,24,0,0,C 17369,7.1417,,S,13,NA,0
987,3,0,male,22,0,0,STON/O 2. 3101275,7.125,,S,NA,NA,0
988,3,0,female,29.88113451,0,0,330924,7.8792,,Q,NA,NA,0
989,3,0,male,29.88113451,0,0,AQ/4 3130,7.75,,Q,NA,NA,0
990,3,0,male,29.88113451,0,0,A/S 2816,8.05,,S,NA,NA,0
991,3,0,male,29,0,0,STON/O 2. 3101268,7.925,,S,NA,NA,0
992,3,1,male,29.88113451,0,0,2677,7.2292,,C,15,NA,0
993,3,0,female,30.5,0,0,364850,7.75,,Q,NA,61,0
994,3,1,female,29.88113451,0,0,36866,7.7375,,Q,16,NA,0
995,3,0,male,29.88113451,0,0,2655,7.2292,F E46,C,NA,NA,1
996,3,0,male,35,0,0,349213,7.8958,,C,NA,NA,0
997,3,0,male,33,0,0,349257,7.8958,,S,NA,NA,0
998,3,1,female,29.88113451,0,0,2649,7.225,,C,C,NA,0
999,3,0,male,29.88113451,0,0,349255,7.8958,,C,NA,NA,0
1000,3,1,female,29.88113451,0,0,383123,7.75,,Q,15 16,NA,0
1001,3,1,male,29.88113451,0,0,367228,7.75,,Q,NA,NA,0
1002,3,1,female,29.88113451,2,0,367226,23.25,,Q,16,NA,0
1003,3,1,female,29.88113451,2,0,367226,23.25,,Q,16,NA,0
1004,3,1,male,29.88113451,2,0,367226,23.25,,Q,16,NA,0
1005,3,1,female,29.88113451,0,0,330932,7.7875,,Q,13,NA,0
1006,3,0,male,29.88113451,0,0,36568,15.5,,Q,NA,NA,0
1007,3,1,female,29.88113451,0,0,330931,7.8792,,Q,13,NA,0
1008,3,1,female,15,0,0,330923,8.0292,,Q,NA,NA,0
1009,3,0,female,35,0,0,9232,7.75,,Q,NA,NA,0
1010,3,0,male,29.88113451,0,0,370372,7.75,,Q,NA,NA,0
1011,3,0,male,24,1,0,376566,16.1,,S,NA,NA,0
1012,3,0,female,19,1,0,376566,16.1,,S,NA,53,0
1013,3,0,female,29.88113451,0,0,370368,7.75,,Q,NA,NA,0
1014,3,0,female,29.88113451,0,0,SOTON/O.Q. 392087,8.05,,S,NA,NA,0
1015,3,0,female,29.88113451,0,0,343095,8.05,,S,NA,NA,0
1016,3,0,male,55.5,0,0,A.5. 11206,8.05,,S,NA,201,0
1017,3,0,male,29.88113451,0,0,368703,7.75,,Q,NA,NA,0
1018,3,1,male,21,0,0,345501,7.775,,S,15,NA,0
1019,3,0,male,29.88113451,0,0,359306,8.05,,S,NA,NA,0
1020,3,0,male,24,0,0,349233,7.8958,,S,NA,NA,0
1021,3,0,male,21,0,0,349211,7.8958,,S,NA,NA,0
1022,3,0,male,28,0,0,349207,7.8958,,S,NA,NA,0
1023,3,0,male,29.88113451,0,0,349221,7.8958,,S,NA,NA,0
1024,3,1,female,29.88113451,0,0,330980,7.8792,,Q,16,NA,0
1025,3,0,male,25,0,0,348123,7.65,F G73,S,NA,309,1
1026,3,1,male,6,0,1,392096,12.475,E121,S,14,NA,1
1027,3,1,female,27,0,1,392096,12.475,E121,S,14,NA,1
1028,3,0,male,29.88113451,0,0,A4. 54510,8.05,,S,NA,NA,0
1029,3,1,female,29.88113451,1,0,371110,24.15,,Q,16,NA,0
1030,3,0,male,29.88113451,1,0,371110,24.15,,Q,NA,NA,0
1031,3,0,male,29.88113451,0,0,330877,8.4583,,Q,NA,NA,0
1032,3,0,male,34,0,0,364506,8.05,,S,NA,NA,0
1033,3,0,male,29.88113451,0,0,372622,7.75,,Q,NA,NA,0
1034,3,1,male,29.88113451,0,0,312991,7.775,,S,B,NA,0
1035,3,1,male,29.88113451,1,1,2661,15.2458,,C,C,NA,0
1036,3,1,male,29.88113451,1,1,2661,15.2458,,C,C,NA,0
1037,3,1,female,29.88113451,0,2,2661,15.2458,,C,C,NA,0
1038,3,1,female,29.88113451,0,0,2626,7.2292,,C,NA,NA,0
1039,3,0,male,29.88113451,0,0,374746,8.05,,S,NA,NA,0
1040,3,1,female,29.88113451,0,0,35852,7.7333,,Q,16,NA,0
1041,3,1,female,24,0,0,382653,7.75,,Q,15,NA,0
1042,3,0,male,29.88113451,0,0,A./5. 3235,8.05,,S,NA,NA,0
1043,3,1,female,29.88113451,1,0,367230,15.5,,Q,16,NA,0
1044,3,1,female,29.88113451,1,0,367230,15.5,,Q,16,NA,0
1045,3,1,female,29.88113451,0,0,36568,15.5,,Q,16,NA,0
1046,3,0,male,18,0,0,347078,7.75,,S,NA,NA,0
1047,3,0,male,22,0,0,349206,7.8958,,S,NA,NA,0
1048,3,1,female,15,0,0,2667,7.225,,C,C,NA,0
1049,3,1,female,1,0,2,2653,15.7417,,C,C,NA,0
1050,3,1,male,20,1,1,2653,15.7417,,C,C,NA,0
1051,3,1,female,19,1,1,2653,15.7417,,C,C,NA,0
1052,3,0,male,33,0,0,A./5. 3338,8.05,,S,NA,NA,0
1053,3,0,male,29.88113451,0,0,349218,7.8958,,S,NA,NA,0
1054,3,0,male,29.88113451,0,0,2652,7.2292,,C,NA,NA,0
1055,3,0,female,29.88113451,0,0,365237,7.75,,Q,NA,NA,0
1056,3,0,male,29.88113451,0,0,349234,7.8958,,S,NA,NA,0
1057,3,1,male,12,1,0,2651,11.2417,,C,C,NA,0
1058,3,1,female,14,1,0,2651,11.2417,,C,C,NA,0
1059,3,0,female,29,0,0,3101297,7.925,,S,NA,NA,0
1060,3,0,male,28,0,0,363611,8.05,,S,NA,NA,0
1061,3,1,female,18,0,0,347066,7.775,,S,D,NA,0
1062,3,1,female,26,0,0,347470,7.8542,,S,13,NA,0
1063,3,0,male,21,0,0,350410,7.8542,,S,NA,NA,0
1064,3,0,male,41,0,0,SOTON/O2 3101272,7.125,,S,NA,NA,0
1065,3,1,male,39,0,0,STON/O 2. 3101289,7.925,,S,9,NA,0
1066,3,0,male,21,0,0,A/4. 39886,7.8,,S,NA,NA,0
1067,3,0,male,28.5,0,0,2697,7.2292,,C,NA,181,0
1068,3,1,female,22,0,0,347081,7.75,,S,13,NA,0
1069,3,0,male,61,0,0,345364,6.2375,,S,NA,NA,0
1070,3,0,male,29.88113451,1,0,370365,15.5,,Q,NA,NA,0
1071,3,0,male,29.88113451,0,0,330979,7.8292,,Q,NA,NA,0
1072,3,1,female,29.88113451,1,0,370365,15.5,,Q,NA,NA,0
1073,3,0,male,29.88113451,0,0,334912,7.7333,,Q,NA,NA,0
1074,3,0,male,29.88113451,0,0,371060,7.75,,Q,NA,NA,0
1075,3,0,male,29.88113451,0,0,366713,7.75,,Q,NA,NA,0
1076,3,0,male,23,0,0,7267,9.225,,S,NA,NA,0
1077,3,0,female,29.88113451,0,0,364856,7.75,,Q,NA,NA,0
1078,3,1,female,29.88113451,0,0,14311,7.75,,Q,D,NA,0
1079,3,1,female,29.88113451,0,0,330959,7.8792,,Q,NA,NA,0
1080,3,1,female,22,0,0,347085,7.775,,S,C,NA,0
1081,3,1,male,29.88113451,0,0,368402,7.75,,Q,B,NA,0
1082,3,1,female,29.88113451,0,0,330919,7.8292,,Q,13,NA,0
1083,3,1,male,9,0,1,C 17368,3.1708,,S,13,NA,0
1084,3,0,male,28,0,0,C 4001,22.525,,S,NA,173,0
1085,3,0,male,42,0,1,4579,8.4042,,S,NA,NA,0
1086,3,0,male,29.88113451,0,0,Fa 265302,7.3125,,S,NA,NA,0
1087,3,0,female,31,0,0,350407,7.8542,,S,NA,NA,0
1088,3,0,male,28,0,0,347464,7.8542,,S,NA,NA,0
1089,3,1,male,32,0,0,347079,7.775,,S,A,NA,0
1090,3,0,male,20,0,0,6563,9.225,,S,NA,89,0
1091,3,0,female,23,0,0,315085,8.6625,,S,NA,NA,0
1092,3,0,female,20,0,0,315096,8.6625,,S,NA,NA,0
1093,3,0,male,20,0,0,315094,8.6625,,S,NA,NA,0
1094,3,0,male,16,0,0,7534,9.2167,,S,NA,NA,0
1095,3,1,female,31,0,0,349244,8.6833,,S,NA,NA,0
1096,3,0,female,29.88113451,0,0,330909,7.6292,,Q,NA,NA,0
1097,3,0,male,2,3,1,349909,21.075,,S,NA,4,0
1098,3,0,male,6,3,1,349909,21.075,,S,NA,NA,0
1099,3,0,female,3,3,1,349909,21.075,,S,NA,NA,0
1100,3,0,female,8,3,1,349909,21.075,,S,NA,NA,0
1101,3,0,female,29,0,4,349909,21.075,,S,NA,206,0
1102,3,0,male,1,4,1,3101295,39.6875,,S,NA,NA,0
1103,3,0,male,7,4,1,3101295,39.6875,,S,NA,NA,0
1104,3,0,male,2,4,1,3101295,39.6875,,S,NA,NA,0
1105,3,0,male,16,4,1,3101295,39.6875,,S,NA,NA,0
1106,3,0,male,14,4,1,3101295,39.6875,,S,NA,NA,0
1107,3,0,female,41,0,5,3101295,39.6875,,S,NA,NA,0
1108,3,0,male,21,0,0,315097,8.6625,,S,NA,NA,0
1109,3,0,male,19,0,0,358585,14.5,,S,NA,NA,0
1110,3,0,male,29.88113451,0,0,3411,8.7125,,C,NA,NA,0
1111,3,0,male,32,0,0,349242,7.8958,,S,NA,NA,0
1112,3,0,male,0.75,1,1,SOTON/O.Q. 3101315,13.775,,S,NA,NA,0
1113,3,0,female,3,1,1,SOTON/O.Q. 3101315,13.775,,S,NA,NA,0
1114,3,0,female,26,0,2,SOTON/O.Q. 3101315,13.775,,S,NA,NA,0
1115,3,0,male,29.88113451,0,0,343271,7,,S,NA,NA,0
1116,3,0,male,29.88113451,0,0,345498,7.775,,S,NA,NA,0
1117,3,0,male,29.88113451,0,0,A/5 2817,8.05,,S,NA,NA,0
1118,3,0,male,21,0,0,STON/O 2. 3101294,7.925,,S,NA,NA,0
1119,3,0,male,25,0,0,STON/O 2. 3101291,7.925,,S,NA,NA,0
1120,3,0,male,22,0,0,A/5 21174,7.25,,S,NA,NA,0
1121,3,1,male,25,1,0,347083,7.775,,S,15,NA,0
1122,3,1,male,29.88113451,1,1,2668,22.3583,,C,C,NA,0
1123,3,1,female,29.88113451,1,1,2668,22.3583,F E69,C,D,NA,1
1124,3,1,female,29.88113451,0,2,2668,22.3583,,C,D,NA,0
1125,3,0,female,29.88113451,0,0,330935,8.1375,,Q,NA,NA,0
1126,3,0,male,24,0,0,342441,8.05,,S,NA,NA,0
1127,3,0,female,28,0,0,349245,7.8958,,S,NA,NA,0
1128,3,0,male,19,0,0,349212,7.8958,,S,NA,NA,0
1129,3,0,male,29.88113451,0,0,349215,7.8958,,S,NA,NA,0
1130,3,0,male,25,1,0,347076,7.775,,S,NA,NA,0
1131,3,0,female,18,0,0,347087,7.775,,S,NA,NA,0
1132,3,1,male,32,0,0,SOTON/O.Q. 392078,8.05,E10,S,9,NA,1
1133,3,0,male,29.88113451,0,0,349227,7.8958,,S,NA,NA,0
1134,3,0,male,17,0,0,315095,8.6625,,S,NA,NA,0
1135,3,0,male,24,0,0,315092,8.6625,,S,NA,NA,0
1136,3,0,male,29.88113451,0,0,349223,7.8958,,S,NA,NA,0
1137,3,0,female,29.88113451,0,0,65305,8.1125,,S,NA,NA,0
1138,3,0,male,29.88113451,0,0,2629,7.2292,,C,NA,NA,0
1139,3,0,male,29.88113451,0,0,362316,7.25,,S,NA,NA,0
1140,3,0,male,38,0,0,349249,7.8958,,S,NA,NA,0
1141,3,0,male,21,0,0,342684,8.05,,S,NA,NA,0
1142,3,0,male,10,4,1,382652,29.125,,Q,NA,NA,0
1143,3,0,male,4,4,1,382652,29.125,,Q,NA,NA,0
1144,3,0,male,7,4,1,382652,29.125,,Q,NA,NA,0
1145,3,0,male,2,4,1,382652,29.125,,Q,NA,NA,0
1146,3,0,male,8,4,1,382652,29.125,,Q,NA,NA,0
1147,3,0,female,39,0,5,382652,29.125,,Q,NA,327,0
1148,3,0,female,22,0,0,3101295,39.6875,,S,NA,NA,0
1149,3,0,male,35,0,0,STON/O 2. 3101273,7.125,,S,NA,NA,0
1150,3,1,female,29.88113451,0,0,334915,7.7208,,Q,13,NA,0
1151,3,0,male,29.88113451,0,0,364498,14.5,,S,NA,NA,0
1152,3,0,female,29.88113451,0,0,364498,14.5,,S,NA,NA,0
1153,3,0,male,50,1,0,A/5. 3337,14.5,,S,NA,119,0
1154,3,0,female,47,1,0,A/5. 3337,14.5,,S,NA,7,0
1155,3,0,male,29.88113451,0,0,S.C./A.4. 23567,8.05,,S,NA,NA,0
1156,3,0,male,29.88113451,0,0,312993,7.775,,S,NA,NA,0
1157,3,0,female,2,1,1,370129,20.2125,,S,NA,NA,0
1158,3,0,male,18,1,1,370129,20.2125,,S,NA,NA,0
1159,3,0,female,41,0,2,370129,20.2125,,S,NA,NA,0
1160,3,1,female,29.88113451,0,0,342712,8.05,,S,C,NA,0
1161,3,0,male,50,0,0,A/5 3594,8.05,,S,NA,NA,0
1162,3,0,male,16,0,0,A/4. 20589,8.05,,S,NA,NA,0
1163,3,1,male,29.88113451,0,0,383162,7.75,,Q,14,NA,0
1164,3,0,male,29.88113451,0,0,371110,24.15,,Q,NA,NA,0
1165,3,0,male,29.88113451,0,0,2671,7.2292,,C,NA,NA,0
1166,3,0,male,25,0,0,2672,7.225,,C,NA,NA,0
1167,3,0,male,29.88113451,0,0,2676,7.225,,C,NA,NA,0
1168,3,0,male,29.88113451,0,0,367655,7.7292,,Q,NA,NA,0
1169,3,0,male,29.88113451,0,0,LP 1588,7.575,,S,NA,NA,0
1170,3,0,male,38.5,0,0,SOTON/O.Q. 3101262,7.25,,S,NA,32,0
1171,3,0,male,29.88113451,8,2,CA. 2343,69.55,,S,NA,NA,0
1172,3,0,male,14.5,8,2,CA. 2343,69.55,,S,NA,67,0
1173,3,0,female,29.88113451,8,2,CA. 2343,69.55,,S,NA,NA,0
1174,3,0,female,29.88113451,8,2,CA. 2343,69.55,,S,NA,NA,0
1175,3,0,female,29.88113451,8,2,CA. 2343,69.55,,S,NA,NA,0
1176,3,0,female,29.88113451,8,2,CA. 2343,69.55,,S,NA,NA,0
1177,3,0,male,29.88113451,8,2,CA. 2343,69.55,,S,NA,NA,0
1178,3,0,male,29.88113451,8,2,CA. 2343,69.55,,S,NA,NA,0
1179,3,0,male,29.88113451,8,2,CA. 2343,69.55,,S,NA,NA,0
1180,3,0,male,29.88113451,1,9,CA. 2343,69.55,,S,NA,NA,0
1181,3,0,female,29.88113451,1,9,CA. 2343,69.55,,S,NA,NA,0
1182,3,0,male,24,0,0,7266,9.325,,S,NA,NA,0
1183,3,1,female,21,0,0,343120,7.65,,S,C,NA,0
1184,3,0,male,39,0,0,3101296,7.925,,S,NA,NA,0
1185,3,0,male,29.88113451,2,0,2662,21.6792,,C,NA,NA,0
1186,3,0,male,29.88113451,2,0,2662,21.6792,,C,NA,NA,0
1187,3,0,male,29.88113451,2,0,2662,21.6792,,C,NA,NA,0
1188,3,1,female,1,1,1,PP 9549,16.7,G6,S,13,NA,1
1189,3,1,female,24,0,2,PP 9549,16.7,G6,S,13,NA,1
1190,3,1,female,4,1,1,PP 9549,16.7,G6,S,13,NA,1
1191,3,1,male,25,0,0,345768,9.5,,S,11,NA,0
1192,3,0,male,20,0,0,A/5. 2151,8.05,,S,NA,NA,0
1193,3,0,male,24.5,0,0,342826,8.05,,S,NA,284,0
1194,3,0,male,29.88113451,0,0,36209,7.725,,Q,NA,NA,0
1195,3,0,male,29.88113451,0,0,349222,7.8958,,S,NA,NA,0
1196,3,0,male,29.88113451,0,0,370374,7.75,,Q,NA,NA,0
1197,3,1,male,29,0,0,345779,9.5,,S,11,NA,0
1198,3,0,male,29.88113451,0,0,C.A. 6212,15.1,,S,NA,NA,0
1199,3,1,female,29.88113451,0,0,330968,7.7792,,Q,NA,NA,0
1200,3,0,male,29.88113451,0,0,374910,8.05,,S,NA,NA,0
1201,3,0,male,29.88113451,0,0,SOTON/OQ 392082,8.05,,S,NA,NA,0
1202,3,0,male,22,0,0,2669,7.2292,,C,NA,NA,0
1203,3,0,male,29.88113451,0,0,392092,8.05,,S,NA,NA,0
1204,3,0,male,40,0,0,349251,7.8958,,S,NA,NA,0
1205,3,0,male,21,0,0,STON/O 2. 3101280,7.925,,S,NA,NA,0
1206,3,1,female,18,0,0,3101265,7.4958,,S,16,NA,0
1207,3,0,male,4,3,2,347088,27.9,,S,NA,NA,0
1208,3,0,male,10,3,2,347088,27.9,,S,NA,NA,0
1209,3,0,female,9,3,2,347088,27.9,,S,NA,NA,0
1210,3,0,female,2,3,2,347088,27.9,,S,NA,NA,0
1211,3,0,male,40,1,4,347088,27.9,,S,NA,NA,0
1212,3,0,female,45,1,4,347088,27.9,,S,NA,NA,0
1213,3,0,male,29.88113451,0,0,349214,7.8958,,S,NA,NA,0
1214,3,0,male,29.88113451,0,0,SOTON/OQ 392086,8.05,,S,NA,NA,0
1215,3,0,male,29.88113451,0,0,315037,8.6625,,S,NA,NA,0
1216,3,0,male,29.88113451,0,0,384461,7.75,,Q,NA,NA,0
1217,3,1,female,29.88113451,0,0,335432,7.7333,,Q,13,NA,0
1218,3,0,male,19,0,0,348124,7.65,F G73,S,NA,NA,1
1219,3,0,male,30,0,0,A.5. 18509,8.05,,S,NA,NA,0
1220,3,0,male,29.88113451,0,0,A.5. 3236,8.05,,S,NA,NA,0
1221,3,0,male,32,0,0,STON/OQ. 369943,8.05,,S,NA,NA,0
1222,3,0,male,29.88113451,0,0,349208,7.8958,,S,NA,NA,0
1223,3,0,male,33,0,0,349239,8.6625,,C,NA,NA,0
1224,3,1,female,23,0,0,CA. 2314,7.55,,S,C,NA,0
1225,3,0,male,21,0,0,A/4 45380,8.05,,S,NA,NA,0
1226,3,0,male,60.5,0,0,3701,,,S,NA,261,0
1227,3,0,male,19,0,0,349205,7.8958,,S,NA,NA,0
1228,3,0,female,22,0,0,7553,9.8375,,S,NA,NA,0
1229,3,1,male,31,0,0,STON/O 2. 3101288,7.925,,S,9,NA,0
1230,3,0,male,27,0,0,315083,8.6625,,S,NA,NA,0
1231,3,0,female,2,0,1,347054,10.4625,G6,S,NA,NA,1
1232,3,0,female,29,1,1,347054,10.4625,G6,S,NA,NA,1
1233,3,1,male,16,0,0,SOTON/OQ 392089,8.05,,S,B,NA,0
1234,3,1,male,44,0,0,STON/O 2. 3101269,7.925,,S,15,NA,0
1235,3,0,male,25,0,0,SOTON/OQ 392076,7.05,,S,NA,NA,0
1236,3,0,male,74,0,0,347060,7.775,,S,NA,NA,0
1237,3,1,male,14,0,0,7538,9.225,,S,13,NA,0
1238,3,0,male,24,0,0,350035,7.7958,,S,NA,NA,0
1239,3,1,male,25,0,0,350033,7.7958,,S,13 15,NA,0
1240,3,0,male,34,0,0,363294,8.05,,S,NA,176,0
1241,3,1,male,0.4167,0,1,2625,8.5167,,C,16,NA,0
1242,3,0,male,29.88113451,1,0,2621,6.4375,,C,NA,NA,0
1243,3,0,male,29.88113451,0,0,2681,6.4375,,C,NA,NA,0
1244,3,0,male,29.88113451,0,0,2684,7.225,,C,NA,NA,0
1245,3,1,female,16,1,1,2625,8.5167,,C,14,NA,0
1246,3,0,male,29.88113451,0,0,32302,8.05,,S,NA,NA,0
1247,3,0,male,29.88113451,1,0,376564,16.1,,S,NA,NA,0
1248,3,1,female,29.88113451,1,0,376564,16.1,,S,10,NA,0
1249,3,0,male,32,0,0,STON/O 2. 3101293,7.925,,S,NA,NA,0
1250,3,0,male,29.88113451,0,0,383121,7.75,F38,Q,NA,NA,1
1251,3,0,male,29.88113451,0,0,349216,7.8958,,S,NA,NA,0
1252,3,0,male,30.5,0,0,364499,8.05,,S,NA,50,0
1253,3,0,male,44,0,0,364511,8.05,,S,NA,NA,0
1254,3,0,male,29.88113451,0,0,2673,7.2292,,C,NA,NA,0
1255,3,1,male,25,0,0,LINE,0,,S,15,NA,0
1256,3,0,male,29.88113451,0,0,2641,7.2292,,C,NA,NA,0
1257,3,1,male,7,1,1,2650,15.2458,,C,C,NA,0
1258,3,1,female,9,1,1,2650,15.2458,,C,C,NA,0
1259,3,1,female,29,0,2,2650,15.2458,,C,C,NA,0
1260,3,0,male,36,0,0,349247,7.8958,,S,NA,NA,0
1261,3,1,female,18,0,0,4138,9.8417,,S,15,NA,0
1262,3,1,female,63,0,0,4134,9.5875,,S,15,NA,0
1263,3,0,male,29.88113451,1,1,A/5. 851,14.5,,S,NA,NA,0
1264,3,0,male,11.5,1,1,A/5. 851,14.5,,S,NA,1,0
1265,3,0,male,40.5,0,2,A/5. 851,14.5,,S,NA,255,0
1266,3,0,female,10,0,2,345773,24.15,,S,NA,NA,0
1267,3,0,male,36,1,1,345773,24.15,,S,NA,NA,0
1268,3,0,female,30,1,1,345773,24.15,,S,NA,NA,0
1269,3,0,male,29.88113451,0,0,345777,9.5,,S,NA,NA,0
1270,3,0,male,33,0,0,345780,9.5,,S,NA,NA,0
1271,3,0,male,28,0,0,345770,9.5,,S,NA,NA,0
1272,3,0,male,28,0,0,345783,9.5,,S,NA,NA,0
1273,3,0,male,47,0,0,345765,9,,S,NA,NA,0
1274,3,0,female,18,2,0,345764,18,,S,NA,NA,0
1275,3,0,male,31,3,0,345763,18,,S,NA,NA,0
1276,3,0,male,16,2,0,345764,18,,S,NA,NA,0
1277,3,0,female,31,1,0,345763,18,,S,NA,NA,0
1278,3,1,male,22,0,0,2658,7.225,,C,13 15,NA,0
1279,3,0,male,20,0,0,350416,7.8542,,S,NA,NA,0
1280,3,0,female,14,0,0,350406,7.8542,,S,NA,NA,0
1281,3,0,male,22,0,0,349252,7.8958,,S,NA,NA,0
1282,3,0,male,22,0,0,345767,9,,S,NA,NA,0
1283,3,0,male,29.88113451,0,0,359309,8.05,,S,NA,NA,0
1284,3,0,male,29.88113451,0,0,C.A. 49867,7.55,,S,NA,NA,0
1285,3,0,male,29.88113451,0,0,SOTON/OQ 3101316,8.05,,S,NA,NA,0
1286,3,0,male,32.5,0,0,345775,9.5,,S,NA,298,0
1287,3,1,female,38,0,0,2688,7.2292,,C,C,NA,0
1288,3,0,male,51,0,0,347064,7.75,,S,NA,NA,0
1289,3,0,male,18,1,0,3101267,6.4958,,S,NA,314,0
1290,3,0,male,21,1,0,3101266,6.4958,,S,NA,NA,0
1291,3,1,female,47,1,0,363272,7,,S,NA,NA,0
1292,3,0,male,29.88113451,0,0,3410,8.7125,,S,NA,NA,0
1293,3,0,male,29.88113451,0,0,S.O./P.P. 751,7.55,,S,NA,NA,0
1294,3,0,male,29.88113451,0,0,A/5 2466,8.05,,S,NA,NA,0
1295,3,0,male,28.5,0,0,54636,16.1,,S,NA,14,0
1296,3,0,male,21,0,0,SOTON/OQ 3101317,7.25,,S,NA,NA,0
1297,3,0,male,27,0,0,315154,8.6625,,S,NA,131,0
1298,3,0,male,29.88113451,0,0,A/4. 34244,7.25,,S,NA,NA,0
1299,3,0,male,36,0,0,345771,9.5,,S,NA,NA,0
1300,3,0,male,27,1,0,2659,14.4542,,C,C,NA,0
1301,3,1,female,15,1,0,2659,14.4542,,C,NA,NA,0
1302,3,0,male,45.5,0,0,2628,7.225,,C,NA,312,0
1303,3,0,male,29.88113451,0,0,2647,7.225,,C,NA,NA,0
1304,3,0,male,29.88113451,0,0,2627,14.4583,,C,NA,NA,0
1305,3,0,female,14.5,1,0,2665,14.4542,,C,NA,328,0
1306,3,0,female,29.88113451,1,0,2665,14.4542,,C,NA,NA,0
1307,3,0,male,26.5,0,0,2656,7.225,,C,NA,304,0
1308,3,0,male,27,0,0,2670,7.225,,C,NA,NA,0
1309,3,0,male,29,0,0,315082,7.875,,S,NA,NA,0
1310,,,,29.88113451,,,,,,S,NA,NA,0
